-- phpMyAdmin SQL Dump
-- version 5.2.0
-- https://www.phpmyadmin.net/
--
-- Host: localhost
-- Generation Time: Oct 21, 2022 at 12:34 AM
-- Server version: 10.4.21-MariaDB
-- PHP Version: 7.4.29

SET SQL_MODE = "NO_AUTO_VALUE_ON_ZERO";
START TRANSACTION;
SET time_zone = "+00:00";


/*!40101 SET @OLD_CHARACTER_SET_CLIENT=@@CHARACTER_SET_CLIENT */;
/*!40101 SET @OLD_CHARACTER_SET_RESULTS=@@CHARACTER_SET_RESULTS */;
/*!40101 SET @OLD_COLLATION_CONNECTION=@@COLLATION_CONNECTION */;
/*!40101 SET NAMES utf8mb4 */;

--
-- Database: `chemistry`
--

-- --------------------------------------------------------

--
-- Table structure for table `account_emailaddress`
--

CREATE TABLE `account_emailaddress` (
  `id` int(11) NOT NULL,
  `verified` longtext CHARACTER SET utf8 NOT NULL,
  `primary` longtext CHARACTER SET utf8 NOT NULL,
  `user_id` longtext CHARACTER SET utf8 NOT NULL,
  `email` varchar(254) CHARACTER SET utf8 NOT NULL
) ENGINE=InnoDB DEFAULT CHARSET=utf8mb4;

--
-- Dumping data for table `account_emailaddress`
--

INSERT INTO `account_emailaddress` (`id`, `verified`, `primary`, `user_id`, `email`) VALUES
(1, '1', '1', '1', 'mnem0001@student.monash.edu'),
(2, '0', '1', '2', 'arshiaadouli@gmail.com'),
(3, '0', '1', '3', 'aado0001@student.monash.edu');

-- --------------------------------------------------------

--
-- Table structure for table `account_emailconfirmation`
--

CREATE TABLE `account_emailconfirmation` (
  `id` int(11) NOT NULL,
  `created` datetime NOT NULL,
  `sent` datetime DEFAULT NULL,
  `key` varchar(64) CHARACTER SET utf8 NOT NULL,
  `email_address_id` int(11) NOT NULL
) ENGINE=InnoDB DEFAULT CHARSET=utf8mb4;

-- --------------------------------------------------------

--
-- Table structure for table `auth_group`
--

CREATE TABLE `auth_group` (
  `id` int(11) NOT NULL,
  `name` varchar(150) CHARACTER SET utf8 NOT NULL
) ENGINE=InnoDB DEFAULT CHARSET=utf8mb4;

-- --------------------------------------------------------

--
-- Table structure for table `auth_group_permissions`
--

CREATE TABLE `auth_group_permissions` (
  `id` int(11) NOT NULL,
  `group_id` int(11) NOT NULL,
  `permission_id` int(11) NOT NULL
) ENGINE=InnoDB DEFAULT CHARSET=utf8mb4;

-- --------------------------------------------------------

--
-- Table structure for table `auth_permission`
--

CREATE TABLE `auth_permission` (
  `id` int(11) NOT NULL,
  `content_type_id` int(11) NOT NULL,
  `codename` varchar(100) CHARACTER SET utf8 NOT NULL,
  `name` varchar(255) CHARACTER SET utf8 NOT NULL
) ENGINE=InnoDB DEFAULT CHARSET=utf8mb4;

--
-- Dumping data for table `auth_permission`
--

INSERT INTO `auth_permission` (`id`, `content_type_id`, `codename`, `name`) VALUES
(1, 1, 'add_logentry', 'Can add log entry'),
(2, 1, 'change_logentry', 'Can change log entry'),
(3, 1, 'delete_logentry', 'Can delete log entry'),
(4, 1, 'view_logentry', 'Can view log entry'),
(5, 2, 'add_permission', 'Can add permission'),
(6, 2, 'change_permission', 'Can change permission'),
(7, 2, 'delete_permission', 'Can delete permission'),
(8, 2, 'view_permission', 'Can view permission'),
(9, 3, 'add_group', 'Can add group'),
(10, 3, 'change_group', 'Can change group'),
(11, 3, 'delete_group', 'Can delete group'),
(12, 3, 'view_group', 'Can view group'),
(13, 4, 'add_contenttype', 'Can add content type'),
(14, 4, 'change_contenttype', 'Can change content type'),
(15, 4, 'delete_contenttype', 'Can delete content type'),
(16, 4, 'view_contenttype', 'Can view content type'),
(17, 5, 'add_session', 'Can add session'),
(18, 5, 'change_session', 'Can change session'),
(19, 5, 'delete_session', 'Can delete session'),
(20, 5, 'view_session', 'Can view session'),
(21, 6, 'add_site', 'Can add site'),
(22, 6, 'change_site', 'Can change site'),
(23, 6, 'delete_site', 'Can delete site'),
(24, 6, 'view_site', 'Can view site'),
(25, 7, 'add_emailaddress', 'Can add email address'),
(26, 7, 'change_emailaddress', 'Can change email address'),
(27, 7, 'delete_emailaddress', 'Can delete email address'),
(28, 7, 'view_emailaddress', 'Can view email address'),
(29, 8, 'add_emailconfirmation', 'Can add email confirmation'),
(30, 8, 'change_emailconfirmation', 'Can change email confirmation'),
(31, 8, 'delete_emailconfirmation', 'Can delete email confirmation'),
(32, 8, 'view_emailconfirmation', 'Can view email confirmation'),
(33, 9, 'add_socialaccount', 'Can add social account'),
(34, 9, 'change_socialaccount', 'Can change social account'),
(35, 9, 'delete_socialaccount', 'Can delete social account'),
(36, 9, 'view_socialaccount', 'Can view social account'),
(37, 10, 'add_socialapp', 'Can add social application'),
(38, 10, 'change_socialapp', 'Can change social application'),
(39, 10, 'delete_socialapp', 'Can delete social application'),
(40, 10, 'view_socialapp', 'Can view social application'),
(41, 11, 'add_socialtoken', 'Can add social application token'),
(42, 11, 'change_socialtoken', 'Can change social application token'),
(43, 11, 'delete_socialtoken', 'Can delete social application token'),
(44, 11, 'view_socialtoken', 'Can view social application token'),
(45, 12, 'add_user', 'Can add user'),
(46, 12, 'change_user', 'Can change user'),
(47, 12, 'delete_user', 'Can delete user'),
(48, 12, 'view_user', 'Can view user'),
(49, 13, 'add_country', 'Can add Country'),
(50, 13, 'change_country', 'Can change Country');

-- --------------------------------------------------------

--
-- Table structure for table `chemicals_cas`
--

CREATE TABLE `chemicals_cas` (
  `id` int(11) NOT NULL,
  `cas` varchar(31) CHARACTER SET utf8 NOT NULL,
  `inchi_id` longtext CHARACTER SET utf8 NOT NULL
) ENGINE=InnoDB DEFAULT CHARSET=utf8mb4;

--
-- Dumping data for table `chemicals_cas`
--

INSERT INTO `chemicals_cas` (`id`, `cas`, `inchi_id`) VALUES
(1, '141-78-6', '1');

-- --------------------------------------------------------

--
-- Table structure for table `chemicals_inchi`
--

CREATE TABLE `chemicals_inchi` (
  `id` int(11) NOT NULL,
  `inchi` varchar(511) CHARACTER SET utf8 NOT NULL,
  `inchi_key` varchar(27) CHARACTER SET utf8 NOT NULL,
  `mw` longtext CHARACTER SET utf8 NOT NULL
) ENGINE=InnoDB DEFAULT CHARSET=utf8mb4;

--
-- Dumping data for table `chemicals_inchi`
--

INSERT INTO `chemicals_inchi` (`id`, `inchi`, `inchi_key`, `mw`) VALUES
(1, '1S/C4H8O2/c1-3-6-4(2)5/h3H2,1-2H3', 'XEKOWRVHYACXOJ-UHFFFAOYSA-N', '88.106'),
(2, 'asd', 'sad', '111');

-- --------------------------------------------------------

--
-- Table structure for table `chemicals_name`
--

CREATE TABLE `chemicals_name` (
  `id` int(11) NOT NULL,
  `name` varchar(511) CHARACTER SET utf8 NOT NULL,
  `iupac` longtext CHARACTER SET utf8 NOT NULL,
  `common_name` longtext CHARACTER SET utf8 NOT NULL,
  `abbreviation` longtext CHARACTER SET utf8 NOT NULL,
  `inchi_id` longtext CHARACTER SET utf8 NOT NULL
) ENGINE=InnoDB DEFAULT CHARSET=utf8mb4;

--
-- Dumping data for table `chemicals_name`
--

INSERT INTO `chemicals_name` (`id`, `name`, `iupac`, `common_name`, `abbreviation`, `inchi_id`) VALUES
(1, 'Ethyl acetate', '1', '1', '0', '1'),
(2, 'EA', '0', '0', '1', '1'),
(3, 'Ethyl acetate', '0', '0', '0', '1'),
(4, 'Acetic acid ethyl ester', '0', '0', '0', '1'),
(5, 'Ethyl ethanoate', '0', '0', '0', '1'),
(6, '141-78-6', '0', '0', '0', '1'),
(7, 'HSDB 83', '0', '0', '0', '1'),
(8, 'NSC 70930', '0', '0', '0', '1'),
(9, 'Octan etylu [Polish]', '0', '0', '0', '1'),
(10, 'RCRA waste no. U112', '0', '0', '0', '1'),
(11, 'RCRA waste number U112', '0', '0', '0', '1'),
(12, 'UN1173', '0', '0', '0', '1'),
(13, '676810_SIAL', '0', '0', '0', '1'),
(14, 'ST5214347', '0', '0', '0', '1'),
(15, '1-acetoxyethane', '0', '0', '0', '1'),
(16, '45767_FLUKA', '0', '0', '0', '1'),
(17, 'NCGC00091766-01', '0', '0', '0', '1'),
(18, 'sadasd', '1', '0', '0', '2'),
(19, 'asdasd', '0', '1', '0', '2'),
(20, 'asd', '0', '0', '1', '2');

-- --------------------------------------------------------

--
-- Table structure for table `chemicals_smiles`
--

CREATE TABLE `chemicals_smiles` (
  `id` int(11) NOT NULL,
  `smiles` varchar(511) CHARACTER SET utf8 NOT NULL,
  `inchi_id` longtext CHARACTER SET utf8 NOT NULL
) ENGINE=InnoDB DEFAULT CHARSET=utf8mb4;

--
-- Dumping data for table `chemicals_smiles`
--

INSERT INTO `chemicals_smiles` (`id`, `smiles`, `inchi_id`) VALUES
(1, 'CCOC(C)=O', '1');

-- --------------------------------------------------------

--
-- Table structure for table `django_admin_log`
--

CREATE TABLE `django_admin_log` (
  `id` int(11) NOT NULL,
  `object_id` longtext CHARACTER SET utf8 DEFAULT NULL,
  `object_repr` varchar(200) CHARACTER SET utf8 NOT NULL,
  `action_flag` longtext CHARACTER SET utf8 NOT NULL,
  `change_message` longtext CHARACTER SET utf8 NOT NULL,
  `content_type_id` int(11) DEFAULT NULL,
  `user_id` longtext CHARACTER SET utf8 NOT NULL,
  `action_time` datetime NOT NULL
) ENGINE=InnoDB DEFAULT CHARSET=utf8mb4;

--
-- Dumping data for table `django_admin_log`
--

INSERT INTO `django_admin_log` (`id`, `object_id`, `object_repr`, `action_flag`, `change_message`, `content_type_id`, `user_id`, `action_time`) VALUES
(1, '1', 'N/A', '1', '[{\"added\": {}}]', 21, '1', '2022-08-23 06:42:47'),
(2, '2', 'Sigma-Aldrich', '1', '[{\"added\": {}}]', 21, '1', '2022-08-23 06:42:57'),
(3, '1', 'Ethyl acetate', '2', '[{\"changed\": {\"fields\": [\"Common name\"]}}]', 19, '1', '2022-08-23 06:43:39');

-- --------------------------------------------------------

--
-- Table structure for table `django_content_type`
--

CREATE TABLE `django_content_type` (
  `id` int(11) NOT NULL,
  `app_label` varchar(100) CHARACTER SET utf8 NOT NULL,
  `model` varchar(100) CHARACTER SET utf8 NOT NULL
) ENGINE=InnoDB DEFAULT CHARSET=utf8mb4;

--
-- Dumping data for table `django_content_type`
--

INSERT INTO `django_content_type` (`id`, `app_label`, `model`) VALUES
(7, 'account', 'emailaddress'),
(8, 'account', 'emailconfirmation'),
(1, 'admin', 'logentry'),
(3, 'auth', 'group'),
(2, 'auth', 'permission'),
(20, 'chemicals', 'cas'),
(17, 'chemicals', 'inchi'),
(19, 'chemicals', 'name'),
(18, 'chemicals', 'smiles'),
(4, 'contenttypes', 'contenttype'),
(21, 'experiments', 'company'),
(22, 'experiments', 'experiment'),
(23, 'experiments', 'experiment_chemicals'),
(24, 'experiments', 'inventory'),
(25, 'experiments', 'reactor'),
(28, 'measurements', 'data'),
(26, 'measurements', 'device'),
(27, 'measurements', 'measurement'),
(5, 'sessions', 'session'),
(6, 'sites', 'site'),
(9, 'socialaccount', 'socialaccount'),
(10, 'socialaccount', 'socialapp'),
(11, 'socialaccount', 'socialtoken'),
(13, 'users', 'country'),
(14, 'users', 'group'),
(16, 'users', 'institution'),
(12, 'users', 'user'),
(15, 'users', 'user_group');

-- --------------------------------------------------------

--
-- Table structure for table `django_migrations`
--

CREATE TABLE `django_migrations` (
  `id` int(11) NOT NULL,
  `app` varchar(255) CHARACTER SET utf8 NOT NULL,
  `name` varchar(255) CHARACTER SET utf8 NOT NULL,
  `applied` datetime NOT NULL
) ENGINE=InnoDB DEFAULT CHARSET=utf8mb4;

--
-- Dumping data for table `django_migrations`
--

INSERT INTO `django_migrations` (`id`, `app`, `name`, `applied`) VALUES
(1, 'contenttypes', '0001_initial', '2022-08-23 06:26:28'),
(2, 'contenttypes', '0002_remove_content_type_name', '2022-08-23 06:26:28'),
(3, 'auth', '0001_initial', '2022-08-23 06:26:28'),
(4, 'auth', '0002_alter_permission_name_max_length', '2022-08-23 06:26:28'),
(5, 'auth', '0003_alter_user_email_max_length', '2022-08-23 06:26:28'),
(6, 'auth', '0004_alter_user_username_opts', '2022-08-23 06:26:28'),
(7, 'auth', '0005_alter_user_last_login_null', '2022-08-23 06:26:28'),
(8, 'auth', '0006_require_contenttypes_0002', '2022-08-23 06:26:28'),
(9, 'auth', '0007_alter_validators_add_error_messages', '2022-08-23 06:26:28'),
(10, 'auth', '0008_alter_user_username_max_length', '2022-08-23 06:26:28'),
(11, 'auth', '0009_alter_user_last_name_max_length', '2022-08-23 06:26:28'),
(12, 'auth', '0010_alter_group_name_max_length', '2022-08-23 06:26:28'),
(13, 'auth', '0011_update_proxy_permissions', '2022-08-23 06:26:28'),
(14, 'auth', '0012_alter_user_first_name_max_length', '2022-08-23 06:26:28'),
(15, 'users', '0001_initial', '2022-08-23 06:26:29'),
(16, 'account', '0001_initial', '2022-08-23 06:26:29'),
(17, 'account', '0002_email_max_length', '2022-08-23 06:26:29'),
(18, 'admin', '0001_initial', '2022-08-23 06:26:29'),
(19, 'admin', '0002_logentry_remove_auto_add', '2022-08-23 06:26:29'),
(20, 'admin', '0003_logentry_add_action_flag_choices', '2022-08-23 06:26:29'),
(21, 'chemicals', '0001_initial', '2022-08-23 06:26:29'),
(22, 'experiments', '0001_initial', '2022-08-23 06:26:29'),
(23, 'experiments', '0002_initial', '2022-08-23 06:26:29'),
(24, 'experiments', '0003_alter_inventory_purity', '2022-08-23 06:26:29'),
(25, 'experiments', '0004_alter_inventory_purity', '2022-08-23 06:26:29'),
(26, 'experiments', '0005_alter_inventory_inchi', '2022-08-23 06:26:29'),
(27, 'measurements', '0001_initial', '2022-08-23 06:26:29'),
(28, 'sessions', '0001_initial', '2022-08-23 06:26:29'),
(29, 'sites', '0001_initial', '2022-08-23 06:26:29'),
(30, 'sites', '0002_alter_domain_unique', '2022-08-23 06:26:29'),
(31, 'socialaccount', '0001_initial', '2022-08-23 06:26:29'),
(32, 'socialaccount', '0002_token_max_lengths', '2022-08-23 06:26:29'),
(33, 'socialaccount', '0003_extra_data_default_dict', '2022-08-23 06:26:29');

-- --------------------------------------------------------

--
-- Table structure for table `django_session`
--

CREATE TABLE `django_session` (
  `session_key` varchar(40) CHARACTER SET utf8 NOT NULL,
  `session_data` longtext CHARACTER SET utf8 NOT NULL,
  `expire_date` datetime NOT NULL
) ENGINE=InnoDB DEFAULT CHARSET=utf8mb4;

--
-- Dumping data for table `django_session`
--

INSERT INTO `django_session` (`session_key`, `session_data`, `expire_date`) VALUES
('1fpoyhew7eqtf8z0ligvcukgzexldqbw', '.eJxVjEEOwiAQAP_C2RAoW6Q9evcNZBe2FjVgSptojH83JD3odWYyb-FxW2e_VV58imIUWhx-GWG4cW4iXjFfigwlr0si2RK52yrPJfL9tLd_gxnr3Laqhzg5dxwIrdUdBog8WD3ZQMENAIZ6JNDWGOCJkTUZUNZ0IThDqmvTyrWmkj0_H2l5iVF9voTAPwA:1ol6cY:R-UeCyawoaidWSxOJMq-KrTiOLVlW692mRTPZQDYs_Y', '2022-11-02 10:48:22'),
('6l63m3ukz2bysztkkc2gykd5ne9vcb8z', '.eJxVjEEOwiAQAP_C2RAoW6Q9evcNZBe2FjVgoE00xr-bJr30OjOZr_CNW0sle36_Uv2IUZ2Ex3WZ_dq4-hTFKLQ4MMLw4LyJeMd8KzKUvNREckvkbpu8lsjPy94eBjO2eduqHuLk3HkgtFZ3GCDyYPVkAwU3ABjqkUBbY4AnRtZkQFnTheAMqU78_ggZPwA:1oQNPz:mQZINznit_cLlzu1wSFa7ik-djMuy2z1GEnYEXMrYIE', '2022-09-06 06:29:43'),
('jg2a7qc6j9delckk8vczfdtwjtl76eyw', '.eJxVjEEOwiAQAP_C2RAoW6Q9evcNZBe2FjVgSptojH83JD3odWYyb-FxW2e_VV58imIUWhx-GWG4cW4iXjFfigwlr0si2RK52yrPJfL9tLd_gxnr3Laqhzg5dxwIrdUdBog8WD3ZQMENAIZ6JNDWGOCJkTUZUNZ0IThDqmvTyrWmkj0_H2l5iVF9voTAPwA:1oiCgS:6pkU2ydr56ACqh5uhhhy5v4DdbPdvzF3v3nWGxE-ALE', '2022-10-25 10:40:24'),
('o68biwo7gwkbiic65vet2rzv5n5dtkk1', '.eJxVjEEOwiAQAP_C2RAoW6Q9evcNZBe2FjVgSptojH83JD3odWYyb-FxW2e_VV58imIUWhx-GWG4cW4iXjFfigwlr0si2RK52yrPJfL9tLd_gxnr3Laqhzg5dxwIrdUdBog8WD3ZQMENAIZ6JNDWGOCJkTUZUNZ0IThDqmvTyrWmkj0_H2l5iVF9voTAPwA:1okDK3:r39buvZ_ZFc0igaJBgr8I6hFoSK2P-RuCi7lgxy04f4', '2022-10-30 23:45:35'),
('t0a24vdv3nrhlsp1x75kq6fpzm4bpgbl', '.eJxVjEEOwiAQAP_C2RAoW6Q9evcNZBe2FjVgSptojH83JD3odWYyb-FxW2e_VV58imIUWhx-GWG4cW4iXjFfigwlr0si2RK52yrPJfL9tLd_gxnr3Laqhzg5dxwIrdUdBog8WD3ZQMENAIZ6JNDWGOCJkTUZUNZ0IThDqmvTyrWmkj0_H2l5iVF9voTAPwA:1okkcL:A0fglK0vgYr_Yf488wziqURm8CfuzeJunG1j0Dx5a80', '2022-11-01 11:18:41'),
('vafriosao0mergeou4d1dgem9d7ns04b', 'eyJhY2NvdW50X3ZlcmlmaWVkX2VtYWlsIjpudWxsLCJhY2NvdW50X3VzZXIiOiIzIn0:1oRXNI:WAI4pagZ1pXkoe_2vBsuOG1nqaR55zx--u9q7efufw8', '2022-09-09 11:19:44');

-- --------------------------------------------------------

--
-- Table structure for table `django_site`
--

CREATE TABLE `django_site` (
  `id` int(11) NOT NULL,
  `name` varchar(50) CHARACTER SET utf8 NOT NULL,
  `domain` varchar(100) CHARACTER SET utf8 NOT NULL
) ENGINE=InnoDB DEFAULT CHARSET=utf8mb4;

--
-- Dumping data for table `django_site`
--

INSERT INTO `django_site` (`id`, `name`, `domain`) VALUES
(1, 'example.com', 'example.com');

-- --------------------------------------------------------

--
-- Table structure for table `experiments_company`
--

CREATE TABLE `experiments_company` (
  `id` int(11) NOT NULL,
  `name` varchar(60) CHARACTER SET utf8 NOT NULL
) ENGINE=InnoDB DEFAULT CHARSET=utf8mb4;

--
-- Dumping data for table `experiments_company`
--

INSERT INTO `experiments_company` (`id`, `name`) VALUES
(1, 'N/A'),
(2, 'Sigma-Aldrich');

-- --------------------------------------------------------

--
-- Table structure for table `experiments_experiment`
--

CREATE TABLE `experiments_experiment` (
  `id` int(11) NOT NULL,
  `date` date NOT NULL,
  `time` time NOT NULL,
  `name` varchar(127) CHARACTER SET utf8 NOT NULL,
  `temperature` longtext CHARACTER SET utf8 NOT NULL,
  `total_volume` longtext CHARACTER SET utf8 NOT NULL,
  `monomer` varchar(64) DEFAULT NULL,
  `CTA` varchar(64) DEFAULT NULL,
  `cx_ratio` longtext DEFAULT NULL,
  `reactor_id` longtext CHARACTER SET utf8 DEFAULT NULL,
  `user_id` int(11) NOT NULL
) ENGINE=InnoDB DEFAULT CHARSET=utf8mb4;

--
-- Dumping data for table `experiments_experiment`
--

INSERT INTO `experiments_experiment` (`id`, `date`, `time`, `name`, `temperature`, `total_volume`, `monomer`, `CTA`, `cx_ratio`, `reactor_id`, `user_id`) VALUES
(106, '2022-10-18', '22:49:47', 'R1-S2', '70', '10', 'BA', 'Dodecanthiol', '0.25', NULL, 1),
(107, '2022-10-18', '23:32:21', 'R3-S2', '70', '10', 'BA', 'Dodecanthiol', '0.125', NULL, 1),
(108, '2022-10-18', '23:36:35', 'R4-S2', '70', '10', 'BA', 'Dodecanthiol', '0.0625', NULL, 1),
(109, '2022-10-18', '23:41:08', 'MN-R6', '70', '10', 'BA', 'Dodecanthiol', '0.25', NULL, 1),
(110, '2022-10-18', '23:50:29', 'R2-S6', '90', '10', 'EA', 'Dodecanthiol', '0.25', NULL, 1),
(111, '2022-10-19', '21:55:02', 'R4-S6', '90', '10', 'EA', 'Dodecanthiol', '0.0625', NULL, 1),
(112, '2022-10-19', '21:59:16', 'R5-S6', '90', '10', 'EA', 'Dodecanthiol', '0.03125', NULL, 1),
(113, '2022-10-19', '22:06:46', 'R1-S3-A2', '90', '10', 'BA', 'Carbon Tetrabromide', '0.2', NULL, 1),
(114, '2022-10-19', '22:10:03', 'R2-S3-A1', '90', '10', 'BA', 'Carbon Tetrabromide', '0.1', NULL, 1),
(115, '2022-10-19', '22:13:16', 'R3-S3-A1', '90', '10', 'BA', 'Carbon Tetrabromide', '0.05', NULL, 1),
(116, '2022-10-19', '22:19:09', 'R6-S3-A1', '90', '10', 'BA', 'Carbon Tetrabromide', '0.2', NULL, 1),
(117, '2022-10-19', '22:23:20', 'R7-S3-A1', '90', '10', 'BA', 'Carbon Tetrabromide', '0.5', NULL, 1),
(118, '2022-10-19', '22:26:09', 'R8-S3-A1', '90', '10', 'BA', 'Carbon Tetrabromide', '0.075', NULL, 1),
(119, '2022-10-19', '22:32:08', 'R1-S8-A1', '90', '10', 'EA', 'Carbon Tetrabromide', '0.3', NULL, 1),
(120, '2022-10-19', '22:34:26', 'R3-S8-A1', '90', '10', 'EA', 'Carbon Tetrabromide', '0.1', NULL, 1),
(121, '2022-10-19', '22:37:20', 'R5-S8-A2', '90', '10', 'EA', 'Carbon Tetrabromide', '0.075', NULL, 1),
(122, '2022-10-20', '09:20:17', 'R1-S9-A1', '90', '10', 'MA', 'Carbon Tetrabromide', '0.155', NULL, 1),
(123, '2022-10-20', '09:25:08', 'MN-R2-S9-A1', '90', '10', 'MA', 'Carbon Tetrabromide', '0.1', NULL, 1),
(124, '2022-10-20', '09:27:14', 'R3-S9-A1', '90', '10', 'MA', 'Carbon Tetrabromide', '0.075', NULL, 1),
(125, '2022-10-20', '09:32:14', 'R2-S9-A1', '90', '10', 'MA', 'Carbon Tetrabromide', '0.1', NULL, 1),
(126, '2022-10-20', '09:48:50', 'R4-S9-A1', '90', '10', 'MA', 'Carbon Tetrabromide', '0.2', NULL, 1),
(127, '2022-10-20', '10:02:26', 'R5-S9-A1', '90', '10', 'MA', 'Carbon Tetrabromide', '0.3', NULL, 1),
(128, '2022-10-20', '11:09:44', 'R7-S9-A1', '90', '10', 'MA', 'Carbon Tetrabromide', '0.134', NULL, 1),
(129, '2022-10-20', '11:17:10', 'R1-S11-A1', '90', '10', 'BA', 'Carbon Tetrabromide', '0.5', NULL, 1),
(130, '2022-10-20', '11:23:09', 'R2-S11-A1', '90', '10', 'BA', 'Carbon Tetrabromide', '0.1', NULL, 1),
(131, '2022-10-20', '11:24:53', 'R3-S11-A1', '90', '10', 'BA', 'Carbon Tetrabromide', '0.1', NULL, 1),
(132, '2022-10-20', '11:26:22', 'R4-S11-A1', '90', '10', 'BA', 'Carbon Tetrabromide', '0.075', NULL, 1),
(133, '2022-10-20', '11:28:44', 'R5-S11-A1', '90', '10', 'BA', 'Carbon Tetrabromide', '0.05', NULL, 1),
(134, '2022-10-20', '11:30:55', 'R6-S11-A1', '90', '10', 'BA', 'Carbon Tetrabromide', '0.3', NULL, 1),
(135, '2022-10-20', '11:31:54', 'R7-S11-A1', '90', '10', 'BA', 'Carbon Tetrabromide', '0.4', NULL, 1),
(136, '2022-10-20', '11:37:31', 'R1-S12-A1', '90', '10', 'EA', 'Dodecanthiol', '0.5', NULL, 1),
(137, '2022-10-20', '11:39:55', 'R2-S12-A1', '90', '10', 'EA', 'Dodecanthiol', '0.25', NULL, 1),
(138, '2022-10-20', '11:41:25', 'R3-S12-A1', '90', '10', 'EA', 'Dodecanthiol', '0.25', NULL, 1),
(139, '2022-10-20', '11:45:56', 'R4-S12-A1', '90', '10', 'EA', 'Dodecanthiol', '0.0625', NULL, 1),
(140, '2022-10-20', '11:48:57', 'R5-S12-A1', '90', '10', 'EA', 'Dodecanthiol', '0.03125', NULL, 1),
(141, '2022-10-20', '11:51:08', 'R1-S13-A1', '90', '10', 'MA', 'Dodecanthiol', '0.5', NULL, 1),
(142, '2022-10-20', '11:54:23', 'R3-S17-A1', '50', '10', 'MMA', 'Dodecanthiol', '0.0625', NULL, 1),
(143, '2022-10-20', '15:37:29', 'R2-S13-A1', '90', '10', 'MA', 'Dodecanthiol', '0.25', NULL, 1),
(144, '2022-10-20', '15:45:41', 'R4-S13-A1', '90', '10', 'MA', 'Dodecanthiol', '0.0625', NULL, 1),
(145, '2022-10-20', '15:48:01', 'R5-S13-A1', '90', '10', 'MA', 'Dodecanthiol', '0.05', NULL, 1),
(146, '2022-10-20', '15:51:52', 'R6-S13-A2', '90', '10', 'MA', 'Dodecanthiol', '0.125', NULL, 1),
(147, '2022-10-20', '16:05:05', 'R1-S14-A1', '90', '10', 'DA', 'Dodecanthiol', '0.5', NULL, 1),
(148, '2022-10-20', '16:19:04', 'R1-S15-A1', '90', '10', 'MMA', 'Dodecanthiol', '0.5', NULL, 1),
(149, '2022-10-20', '16:23:38', 'R2-S15-A1', '90', '10', 'MMA', 'Dodecanthiol', '0.25', NULL, 1),
(150, '2022-10-20', '16:28:32', 'R3-S15-A1', '90', '10', 'MMA', 'Dodecanthiol', '0.125', NULL, 1),
(151, '2022-10-20', '16:31:07', 'R4-S15-A1', '90', '10', 'MMA', 'Dodecanthiol', '0.0625', NULL, 1),
(152, '2022-10-20', '16:33:27', 'R5-S15-A1', '90', '10', 'MMA', 'Dodecanthiol', '0.03125', NULL, 1);

-- --------------------------------------------------------

--
-- Table structure for table `experiments_experiment_chemicals`
--

CREATE TABLE `experiments_experiment_chemicals` (
  `id` int(11) NOT NULL,
  `type` varchar(1) CHARACTER SET utf8 NOT NULL,
  `molarity` longtext CHARACTER SET utf8 NOT NULL,
  `experiment_id` longtext CHARACTER SET utf8 NOT NULL,
  `inventory_id` longtext CHARACTER SET utf8 NOT NULL
) ENGINE=InnoDB DEFAULT CHARSET=utf8mb4;

--
-- Dumping data for table `experiments_experiment_chemicals`
--

INSERT INTO `experiments_experiment_chemicals` (`id`, `type`, `molarity`, `experiment_id`, `inventory_id`) VALUES
(1, 'M', '4', '1', '1'),
(2, 'I', '1', '2', '1');

-- --------------------------------------------------------

--
-- Table structure for table `experiments_inventory`
--

CREATE TABLE `experiments_inventory` (
  `id` int(11) NOT NULL,
  `extra_info` varchar(511) CHARACTER SET utf8 NOT NULL,
  `url` varchar(511) CHARACTER SET utf8 NOT NULL,
  `company_id` longtext CHARACTER SET utf8 NOT NULL,
  `group_id` longtext CHARACTER SET utf8 NOT NULL,
  `inchi_id` longtext CHARACTER SET utf8 NOT NULL,
  `purity` longtext CHARACTER SET utf8 DEFAULT NULL
) ENGINE=InnoDB DEFAULT CHARSET=utf8mb4;

--
-- Dumping data for table `experiments_inventory`
--

INSERT INTO `experiments_inventory` (`id`, `extra_info`, `url`, `company_id`, `group_id`, `inchi_id`, `purity`) VALUES
(1, '', '', '1', '1', '1', '99');

-- --------------------------------------------------------

--
-- Table structure for table `experiments_reactor`
--

CREATE TABLE `experiments_reactor` (
  `id` int(11) NOT NULL,
  `name` varchar(30) CHARACTER SET utf8 NOT NULL,
  `volume` longtext CHARACTER SET utf8 NOT NULL,
  `type` varchar(1) CHARACTER SET utf8 NOT NULL,
  `group_id` longtext CHARACTER SET utf8 NOT NULL
) ENGINE=InnoDB DEFAULT CHARSET=utf8mb4;

-- --------------------------------------------------------

--
-- Table structure for table `measurements_data`
--

CREATE TABLE `measurements_data` (
  `id` int(11) NOT NULL,
  `res_time` longtext CHARACTER SET utf8 NOT NULL,
  `result` longtext CHARACTER SET utf8 NOT NULL,
  `measurement_id` int(11) NOT NULL
) ENGINE=InnoDB DEFAULT CHARSET=utf8mb4;

--
-- Dumping data for table `measurements_data`
--

INSERT INTO `measurements_data` (`id`, `res_time`, `result`, `measurement_id`) VALUES
(4627, '240', '0.700977628', 95),
(4628, '250.2', '0.705347995', 95),
(4629, '260.4', '0.70869362', 95),
(4630, '270.6', '0.707152082', 95),
(4631, '280.8', '0.704450176', 95),
(4632, '291', '0.704750032', 95),
(4633, '301.2', '0.710500311', 95),
(4634, '311.4', '0.710890632', 95),
(4635, '321.6', '0.717028311', 95),
(4636, '331.8', '0.715642189', 95),
(4637, '342', '0.712978421', 95),
(4638, '352.2', '0.714141838', 95),
(4639, '362.4', '0.714660695', 95),
(4640, '372.6', '0.717445025', 95),
(4641, '382.8', '0.713504676', 95),
(4642, '393', '0.718230605', 95),
(4643, '403.2', '0.718946008', 95),
(4644, '413.4', '0.726659848', 95),
(4645, '423.6', '0.721918926', 95),
(4646, '433.8', '0.72421125', 95),
(4647, '444', '0.725710709', 95),
(4648, '454.2', '0.730792517', 95),
(4649, '464.4', '0.730023322', 95),
(4650, '474.6', '0.734550882', 95),
(4651, '484.8', '0.739495711', 95),
(4652, '495', '0.742936386', 95),
(4653, '505.2', '0.736561201', 95),
(4654, '515.4', '0.73799081', 95),
(4655, '525.6', '0.741327144', 95),
(4656, '535.8', '0.744284778', 95),
(4657, '546', '0.750728501', 95),
(4658, '556.2', '0.749963761', 95),
(4659, '566.4', '0.75214989', 95),
(4660, '576.6', '0.751949338', 95),
(4661, '586.8', '0.751647805', 95),
(4662, '597', '0.752390885', 95),
(4663, '600', '0.756582221', 95),
(4664, '600', '0.769911066', 95),
(4665, '608.502', '0.768278185', 95),
(4666, '616.998', '0.77247305', 95),
(4667, '625.5', '0.770748401', 95),
(4668, '634.002', '0.772357161', 95),
(4669, '642.498', '0.776531834', 95),
(4670, '651', '0.779050801', 95),
(4671, '659.502', '0.77050788', 95),
(4672, '667.998', '0.770392809', 95),
(4673, '676.5', '0.776972792', 95),
(4674, '685.002', '0.772058311', 95),
(4675, '693.498', '0.774804242', 95),
(4676, '702', '0.775070681', 95),
(4677, '710.502', '0.778258892', 95),
(4678, '718.998', '0.779317485', 95),
(4679, '727.5', '0.779235393', 95),
(4680, '736.002', '0.781108057', 95),
(4681, '744.498', '0.778163219', 95),
(4682, '753', '0.781263923', 95),
(4683, '761.502', '0.776107273', 95),
(4684, '769.998', '0.775264056', 95),
(4685, '778.5', '0.779895136', 95),
(4686, '787.002', '0.781228719', 95),
(4687, '795.498', '0.78231682', 95),
(4688, '804', '0.78430639', 95),
(4689, '812.502', '0.783407765', 95),
(4690, '820.998', '0.78323797', 95),
(4691, '829.5', '0.785345778', 95),
(4692, '838.002', '0.784682566', 95),
(4693, '846.498', '0.787760972', 95),
(4694, '855', '0.787753807', 95),
(4695, '863.502', '0.789998812', 95),
(4696, '871.998', '0.791044481', 95),
(4697, '880.5', '0.79065848', 95),
(4698, '889.002', '0.790671206', 95),
(4699, '897.498', '0.786633384', 95),
(4700, '906', '0.790642708', 95),
(4701, '914.502', '0.790656311', 95),
(4702, '922.998', '0.787714125', 95),
(4703, '931.5', '0.785828893', 95),
(4704, '940.002', '0.787914226', 95),
(4705, '948.498', '0.792846571', 95),
(4706, '957', '0.786861271', 95),
(4707, '965.502', '0.788824663', 95),
(4708, '973.998', '0.791714102', 95),
(4709, '982.5', '0.794624696', 95),
(4710, '991.002', '0.798552569', 95),
(4711, '999.498', '0.794831776', 95),
(4712, '1008', '0.794895088', 95),
(4713, '1016.502', '0.792149172', 95),
(4714, '1024.998', '0.795454545', 95),
(4715, '1033.5', '0.795534573', 95),
(4716, '1042.002', '0.795007459', 95),
(4717, '1050.498', '0.79853111', 95),
(4718, '1059', '0.797495191', 95),
(4719, '1067.502', '0.800550328', 95),
(4720, '1075.998', '0.796899531', 95),
(4721, '1084.5', '0.799380104', 95),
(4722, '1093.002', '0.802283092', 95),
(4723, '1101.498', '0.79750788', 95),
(4724, '1110', '0.803060066', 95),
(4725, '1118.502', '0.78889472', 95),
(4726, '1126.998', '0.800842993', 95),
(4727, '1135.5', '0.801152852', 95),
(4728, '1144.002', '0.799189758', 95),
(4729, '1152.498', '0.804263927', 95),
(4730, '1161', '0.800062944', 95),
(4731, '1169.502', '0.800367222', 95),
(4732, '1177.998', '0.79547833', 95),
(4733, '1186.5', '0.799153815', 95),
(4734, '1195.002', '0.804767276', 95),
(4735, '1200', '0.806563566', 95),
(4736, '240', '0.711278445', 96),
(4737, '250.2', '0.713627411', 96),
(4738, '260.4', '0.713604258', 96),
(4739, '270.6', '0.713075262', 96),
(4740, '280.8', '0.714280449', 96),
(4741, '291', '0.715716423', 96),
(4742, '301.2', '0.715817793', 96),
(4743, '311.4', '0.714785596', 96),
(4744, '321.6', '0.72109119', 96),
(4745, '331.8', '0.720966807', 96),
(4746, '342', '0.720223828', 96),
(4747, '352.2', '0.719949787', 96),
(4748, '362.4', '0.722379993', 96),
(4749, '372.6', '0.719367625', 96),
(4750, '382.8', '0.72371483', 96),
(4751, '393', '0.722389632', 96),
(4752, '403.2', '0.730337182', 96),
(4753, '413.4', '0.726352224', 96),
(4754, '423.6', '0.725301294', 96),
(4755, '433.8', '0.733154903', 96),
(4756, '444', '0.729440425', 96),
(4757, '454.2', '0.730737895', 96),
(4758, '464.4', '0.730977608', 96),
(4759, '474.6', '0.733940804', 96),
(4760, '484.8', '0.730074723', 96),
(4761, '495', '0.735861444', 96),
(4762, '505.2', '0.73691847', 96),
(4763, '515.4', '0.733331477', 96),
(4764, '525.6', '0.735304963', 96),
(4765, '535.8', '0.734495278', 96),
(4766, '546', '0.73781013', 96),
(4767, '556.2', '0.736200364', 96),
(4768, '566.4', '0.741440443', 96),
(4769, '576.6', '0.737253569', 96),
(4770, '586.8', '0.73723554', 96),
(4771, '597', '0.742130416', 96),
(4772, '600', '0.743414598', 96),
(4773, '600', '0.752366932', 96),
(4774, '608.502', '0.749811715', 96),
(4775, '616.998', '0.752970656', 96),
(4776, '625.5', '0.748719576', 96),
(4777, '634.002', '0.752603982', 96),
(4778, '642.498', '0.754753288', 96),
(4779, '651', '0.753193551', 96),
(4780, '659.502', '0.756921514', 96),
(4781, '667.998', '0.753152821', 96),
(4782, '676.5', '0.751368533', 96),
(4783, '685.002', '0.754556619', 96),
(4784, '693.498', '0.757072982', 96),
(4785, '702', '0.755491053', 96),
(4786, '710.502', '0.753359782', 96),
(4787, '718.998', '0.755481973', 96),
(4788, '727.5', '0.759538148', 96),
(4789, '736.002', '0.758914579', 96),
(4790, '744.498', '0.758095878', 96),
(4791, '753', '0.757839737', 96),
(4792, '761.502', '0.75641614', 96),
(4793, '769.998', '0.756106793', 96),
(4794, '778.5', '0.76034743', 96),
(4795, '787.002', '0.759170443', 96),
(4796, '795.498', '0.75535025', 96),
(4797, '804', '0.759584123', 96),
(4798, '812.502', '0.764492658', 96),
(4799, '820.998', '0.759715912', 96),
(4800, '829.5', '0.758982076', 96),
(4801, '838.002', '0.76210595', 96),
(4802, '846.498', '0.760959514', 96),
(4803, '855', '0.761328609', 96),
(4804, '863.502', '0.760891653', 96),
(4805, '871.998', '0.766140438', 96),
(4806, '880.5', '0.7641027', 96),
(4807, '889.002', '0.760990953', 96),
(4808, '897.498', '0.7636748', 96),
(4809, '906', '0.75602415', 96),
(4810, '914.502', '0.762549935', 96),
(4811, '922.998', '0.762058162', 96),
(4812, '931.5', '0.765635454', 96),
(4813, '940.002', '0.761517591', 96),
(4814, '948.498', '0.762952467', 96),
(4815, '957', '0.763705321', 96),
(4816, '965.502', '0.76758143', 96),
(4817, '973.998', '0.764761442', 96),
(4818, '982.5', '0.765746851', 96),
(4819, '991.002', '0.770535888', 96),
(4820, '999.498', '0.767025976', 96),
(4821, '1008', '0.768822633', 96),
(4822, '1016.502', '0.765970054', 96),
(4823, '1024.998', '0.76640706', 96),
(4824, '1033.5', '0.765722117', 96),
(4825, '1042.002', '0.769408107', 96),
(4826, '1050.498', '0.770870778', 96),
(4827, '1059', '0.769376732', 96),
(4828, '1067.502', '0.769967541', 96),
(4829, '1075.998', '0.767928392', 96),
(4830, '1084.5', '0.765223907', 96),
(4831, '1093.002', '0.773203746', 96),
(4832, '1101.498', '0.769719157', 96),
(4833, '1110', '0.772304077', 96),
(4834, '1118.502', '0.772070839', 96),
(4835, '1126.998', '0.771447981', 96),
(4836, '1135.5', '0.77236714', 96),
(4837, '1144.002', '0.774764109', 96),
(4838, '1152.498', '0.775589266', 96),
(4839, '1161', '0.774768177', 96),
(4840, '1169.502', '0.773750643', 96),
(4841, '1177.998', '0.771402614', 96),
(4842, '1186.5', '0.775985457', 96),
(4843, '1195.002', '0.770738068', 96),
(4844, '1200', '0.774715072', 96),
(4845, '240', '0.808246265', 97),
(4846, '251.334', '0.80755577', 97),
(4847, '262.668', '0.808336385', 97),
(4848, '274.002', '0.809166912', 97),
(4849, '285.336', '0.804404276', 97),
(4850, '296.664', '0.808889048', 97),
(4851, '307.998', '0.808933157', 97),
(4852, '319.332', '0.807332448', 97),
(4853, '330.666', '0.809071244', 97),
(4854, '342', '0.808871656', 97),
(4855, '353.334', '0.810446196', 97),
(4856, '364.668', '0.809321758', 97),
(4857, '376.002', '0.81224427', 97),
(4858, '387.336', '0.809926638', 97),
(4859, '398.664', '0.811086772', 97),
(4860, '409.998', '0.80983917', 97),
(4861, '421.332', '0.811804779', 97),
(4862, '432.666', '0.81322382', 97),
(4863, '444', '0.815004179', 97),
(4864, '455.334', '0.812070188', 97),
(4865, '466.668', '0.811522173', 97),
(4866, '478.002', '0.81796221', 97),
(4867, '489.336', '0.813546606', 97),
(4868, '500.664', '0.814776898', 97),
(4869, '511.998', '0.816735073', 97),
(4870, '523.332', '0.816126883', 97),
(4871, '534.666', '0.815150413', 97),
(4872, '546', '0.815472054', 97),
(4873, '557.334', '0.817619272', 97),
(4874, '568.668', '0.817165704', 97),
(4875, '580.002', '0.818792165', 97),
(4876, '591.336', '0.817776041', 97),
(4877, '602.664', '0.821035076', 97),
(4878, '613.998', '0.823140359', 97),
(4879, '625.332', '0.821578547', 97),
(4880, '636.666', '0.823131908', 97),
(4881, '648', '0.821106432', 97),
(4882, '659.334', '0.819300405', 97),
(4883, '670.668', '0.823244979', 97),
(4884, '682.002', '0.822243469', 97),
(4885, '693.336', '0.821976945', 97),
(4886, '704.664', '0.823287331', 97),
(4887, '715.998', '0.822914728', 97),
(4888, '720', '0.824460406', 97),
(4889, '720', '0.831034667', 97),
(4890, '730.2', '0.830194244', 97),
(4891, '740.4', '0.832295854', 97),
(4892, '750.6', '0.832158215', 97),
(4893, '760.8', '0.83230668', 97),
(4894, '771', '0.832036465', 97),
(4895, '781.2', '0.831378192', 97),
(4896, '791.4', '0.833534297', 97),
(4897, '801.6', '0.833993033', 97),
(4898, '811.8', '0.833982789', 97),
(4899, '822', '0.831624854', 97),
(4900, '832.2', '0.830706383', 97),
(4901, '842.4', '0.833224391', 97),
(4902, '852.6', '0.833655946', 97),
(4903, '862.8', '0.833416577', 97),
(4904, '873', '0.836101489', 97),
(4905, '883.2', '0.837047578', 97),
(4906, '893.4', '0.834118236', 97),
(4907, '903.6', '0.833403858', 97),
(4908, '913.8', '0.836581289', 97),
(4909, '924', '0.836088982', 97),
(4910, '934.2', '0.836882019', 97),
(4911, '944.4', '0.834483265', 97),
(4912, '954.6', '0.836866126', 97),
(4913, '964.8', '0.833844559', 97),
(4914, '975', '0.838524088', 97),
(4915, '985.2', '0.837932292', 97),
(4916, '995.4', '0.837111216', 97),
(4917, '1005.6', '0.837401664', 97),
(4918, '1015.8', '0.839565976', 97),
(4919, '1026', '0.838113038', 97),
(4920, '1036.2', '0.838920532', 97),
(4921, '1046.4', '0.839146975', 97),
(4922, '1056.6', '0.839354028', 97),
(4923, '1066.8', '0.83769945', 97),
(4924, '1077', '0.838528365', 97),
(4925, '1087.2', '0.83727123', 97),
(4926, '1097.4', '0.837911863', 97),
(4927, '1107.6', '0.839883231', 97),
(4928, '1117.8', '0.839572826', 97),
(4929, '1128', '0.842425675', 97),
(4930, '1138.2', '0.842104819', 97),
(4931, '1148.4', '0.840164201', 97),
(4932, '1158.6', '0.840488556', 97),
(4933, '1168.8', '0.842011274', 97),
(4934, '1179', '0.837578361', 97),
(4935, '1189.2', '0.843028126', 97),
(4936, '1199.4', '0.843042907', 97),
(4937, '1209.6', '0.844474846', 97),
(4938, '1219.8', '0.842740096', 97),
(4939, '1230', '0.842966046', 97),
(4940, '1240.2', '0.841511367', 97),
(4941, '1250.4', '0.841834644', 97),
(4942, '1260.6', '0.842959799', 97),
(4943, '1270.8', '0.841366156', 97),
(4944, '1281', '0.844498456', 97),
(4945, '1291.2', '0.84290144', 97),
(4946, '1301.4', '0.844479924', 97),
(4947, '1311.6', '0.843016829', 97),
(4948, '1321.8', '0.844211535', 97),
(4949, '1332', '0.845328422', 97),
(4950, '1342.2', '0.846109763', 97),
(4951, '1352.4', '0.844602529', 97),
(4952, '1362.6', '0.846606571', 97),
(4953, '1372.8', '0.846950696', 97),
(4954, '1383', '0.847508501', 97),
(4955, '1393.2', '0.847127561', 97),
(4956, '1403.4', '0.846779749', 97),
(4957, '1413.6', '0.846563659', 97),
(4958, '1423.8', '0.846397159', 97),
(4959, '1434', '0.845632307', 97),
(4960, '1444.2', '0.845097574', 97),
(4961, '1454.4', '0.847574604', 97),
(4962, '1464.6', '0.84582996', 97),
(4963, '1474.8', '0.847260432', 97),
(4964, '1485', '0.847935932', 97),
(4965, '1495.2', '0.848187993', 97),
(4966, '1505.4', '0.84898838', 97),
(4967, '1515.6', '0.845547091', 97),
(4968, '1525.8', '0.849781536', 97),
(4969, '1536', '0.848948934', 97),
(4970, '1546.2', '0.848303663', 97),
(4971, '1556.4', '0.847669693', 97),
(4972, '1566.6', '0.850855359', 97),
(4973, '1576.8', '0.850781057', 97),
(4974, '1587', '0.849002705', 97),
(4975, '1597.2', '0.850170741', 97),
(4976, '1607.4', '0.852138069', 97),
(4977, '1617.6', '0.852418205', 97),
(4978, '1627.8', '0.850568219', 97),
(4979, '1638', '0.848943769', 97),
(4980, '1648.2', '0.851400642', 97),
(4981, '1658.4', '0.848580335', 97),
(4982, '1668.6', '0.852062348', 97),
(4983, '1678.8', '0.850852504', 97),
(4984, '1689', '0.849364211', 97),
(4985, '1699.2', '0.848727762', 97),
(4986, '1709.4', '0.851533294', 97),
(4987, '1719.6', '0.850630227', 97),
(4988, '1729.8', '0.851727954', 97),
(4989, '1740', '0.851464547', 97),
(4990, '1750.2', '0.849520828', 97),
(4991, '1760.4', '0.851097033', 97),
(4992, '1770.6', '0.853924455', 97),
(4993, '1780.8', '0.85120268', 97),
(4994, '1791', '0.853996415', 97),
(4995, '1800', '0.851767523', 97),
(4996, '240', '0.7152484', 98),
(4997, '251.334', '0.715235951', 98),
(4998, '262.668', '0.714023454', 98),
(4999, '274.002', '0.715956699', 98),
(5000, '285.336', '0.71483467', 98),
(5001, '296.664', '0.715140432', 98),
(5002, '307.998', '0.716603321', 98),
(5003, '319.332', '0.718575249', 98),
(5004, '330.666', '0.714473562', 98),
(5005, '342', '0.718128458', 98),
(5006, '353.334', '0.719442296', 98),
(5007, '364.668', '0.720161734', 98),
(5008, '376.002', '0.721760074', 98),
(5009, '387.336', '0.722086647', 98),
(5010, '398.664', '0.721532409', 98),
(5011, '409.998', '0.727236665', 98),
(5012, '421.332', '0.729178061', 98),
(5013, '432.666', '0.727306451', 98),
(5014, '444', '0.729225964', 98),
(5015, '455.334', '0.729072073', 98),
(5016, '466.668', '0.733449817', 98),
(5017, '478.002', '0.733579787', 98),
(5018, '489.336', '0.736086309', 98),
(5019, '500.664', '0.737797768', 98),
(5020, '511.998', '0.737154351', 98),
(5021, '523.332', '0.740130548', 98),
(5022, '534.666', '0.740131853', 98),
(5023, '546', '0.743266227', 98),
(5024, '557.334', '0.743989664', 98),
(5025, '568.668', '0.742183316', 98),
(5026, '580.002', '0.743917805', 98),
(5027, '591.336', '0.749542843', 98),
(5028, '602.664', '0.749712604', 98),
(5029, '613.998', '0.75212556', 98),
(5030, '625.332', '0.748363414', 98),
(5031, '636.666', '0.750995539', 98),
(5032, '648', '0.750143707', 98),
(5033, '659.334', '0.752444111', 98),
(5034, '670.668', '0.752739751', 98),
(5035, '682.002', '0.753156536', 98),
(5036, '693.336', '0.750068978', 98),
(5037, '704.664', '0.7549016', 98),
(5038, '715.998', '0.756045493', 98),
(5039, '720', '0.758644249', 98),
(5040, '720', '0.774019198', 98),
(5041, '730.2', '0.771433387', 98),
(5042, '740.4', '0.768689346', 98),
(5043, '750.6', '0.770861373', 98),
(5044, '760.8', '0.772672803', 98),
(5045, '771', '0.772276437', 98),
(5046, '781.2', '0.770442651', 98),
(5047, '791.4', '0.773969631', 98),
(5048, '801.6', '0.775698696', 98),
(5049, '811.8', '0.774493798', 98),
(5050, '822', '0.775056311', 98),
(5051, '832.2', '0.778442902', 98),
(5052, '842.4', '0.776488127', 98),
(5053, '852.6', '0.778258787', 98),
(5054, '862.8', '0.775935891', 98),
(5055, '873', '0.780078607', 98),
(5056, '883.2', '0.778128509', 98),
(5057, '893.4', '0.781313851', 98),
(5058, '903.6', '0.776093238', 98),
(5059, '913.8', '0.780214421', 98),
(5060, '924', '0.782410978', 98),
(5061, '934.2', '0.783524599', 98),
(5062, '944.4', '0.780155009', 98),
(5063, '954.6', '0.780448888', 98),
(5064, '964.8', '0.780956682', 98),
(5065, '975', '0.779095371', 98),
(5066, '985.2', '0.783340248', 98),
(5067, '995.4', '0.785255844', 98),
(5068, '1005.6', '0.785841476', 98),
(5069, '1015.8', '0.785312884', 98),
(5070, '1026', '0.787412773', 98),
(5071, '1036.2', '0.791197941', 98),
(5072, '1046.4', '0.786644014', 98),
(5073, '1056.6', '0.785366241', 98),
(5074, '1066.8', '0.786971675', 98),
(5075, '1077', '0.786977057', 98),
(5076, '1087.2', '0.792869029', 98),
(5077, '1097.4', '0.794295661', 98),
(5078, '1107.6', '0.789722553', 98),
(5079, '1117.8', '0.791917', 98),
(5080, '1128', '0.788788656', 98),
(5081, '1138.2', '0.789846935', 98),
(5082, '1148.4', '0.794572106', 98),
(5083, '1158.6', '0.794906321', 98),
(5084, '1168.8', '0.790295314', 98),
(5085, '1179', '0.794239742', 98),
(5086, '1189.2', '0.792219518', 98),
(5087, '1199.4', '0.794460397', 98),
(5088, '1209.6', '0.797322441', 98),
(5089, '1219.8', '0.794007259', 98),
(5090, '1230', '0.79408699', 98),
(5091, '1240.2', '0.794148833', 98),
(5092, '1250.4', '0.792480831', 98),
(5093, '1260.6', '0.791525394', 98),
(5094, '1270.8', '0.791152318', 98),
(5095, '1281', '0.79839403', 98),
(5096, '1291.2', '0.797252713', 98),
(5097, '1301.4', '0.800374353', 98),
(5098, '1311.6', '0.79721156', 98),
(5099, '1321.8', '0.797327768', 98),
(5100, '1332', '0.800969203', 98),
(5101, '1342.2', '0.801563025', 98),
(5102, '1352.4', '0.801878631', 98),
(5103, '1362.6', '0.801837328', 98),
(5104, '1372.8', '0.801159431', 98),
(5105, '1383', '0.801007912', 98),
(5106, '1393.2', '0.797579904', 98),
(5107, '1403.4', '0.801173713', 98),
(5108, '1413.6', '0.80301137', 98),
(5109, '1423.8', '0.805223433', 98),
(5110, '1434', '0.79949775', 98),
(5111, '1444.2', '0.800965423', 98),
(5112, '1454.4', '0.804078853', 98),
(5113, '1464.6', '0.802939123', 98),
(5114, '1474.8', '0.802194005', 98),
(5115, '1485', '0.803538964', 98),
(5116, '1495.2', '0.80609815', 98),
(5117, '1505.4', '0.807343496', 98),
(5118, '1515.6', '0.802036259', 98),
(5119, '1525.8', '0.803456903', 98),
(5120, '1536', '0.807617196', 98),
(5121, '1546.2', '0.805266824', 98),
(5122, '1556.4', '0.806076214', 98),
(5123, '1566.6', '0.808154347', 98),
(5124, '1576.8', '0.808580332', 98),
(5125, '1587', '0.8099357', 98),
(5126, '1597.2', '0.807271313', 98),
(5127, '1607.4', '0.805887166', 98),
(5128, '1617.6', '0.805079129', 98),
(5129, '1627.8', '0.810571678', 98),
(5130, '1638', '0.805719895', 98),
(5131, '1648.2', '0.806305832', 98),
(5132, '1658.4', '0.807075', 98),
(5133, '1668.6', '0.810781486', 98),
(5134, '1678.8', '0.808305269', 98),
(5135, '1689', '0.805702264', 98),
(5136, '1699.2', '0.810395737', 98),
(5137, '1709.4', '0.811481898', 98),
(5138, '1719.6', '0.810125021', 98),
(5139, '1729.8', '0.810449115', 98),
(5140, '1740', '0.807513228', 98),
(5141, '1750.2', '0.81170928', 98),
(5142, '1760.4', '0.810861489', 98),
(5143, '1770.6', '0.810809858', 98),
(5144, '1780.8', '0.812884571', 98),
(5145, '1791', '0.81329178', 98),
(5146, '1800', '0.809522549', 98),
(5147, '240', '0.627289587', 99),
(5148, '250.2', '0.627665877', 99),
(5149, '260.4', '0.62975594', 99),
(5150, '270.6', '0.634891748', 99),
(5151, '280.8', '0.635264245', 99),
(5152, '291', '0.63704988', 99),
(5153, '301.2', '0.636791243', 99),
(5154, '311.4', '0.646523173', 99),
(5155, '321.6', '0.645950101', 99),
(5156, '331.8', '0.648101554', 99),
(5157, '342', '0.640822923', 99),
(5158, '352.2', '0.642455594', 99),
(5159, '362.4', '0.643820854', 99),
(5160, '372.6', '0.650751959', 99),
(5161, '382.8', '0.656852577', 99),
(5162, '393', '0.657547229', 99),
(5163, '403.2', '0.657431941', 99),
(5164, '413.4', '0.652150595', 99),
(5165, '423.6', '0.659783387', 99),
(5166, '433.8', '0.665985714', 99),
(5167, '444', '0.673931878', 99),
(5168, '454.2', '0.666789517', 99),
(5169, '464.4', '0.662204069', 99),
(5170, '474.6', '0.639764954', 99),
(5171, '484.8', '0.665491049', 99),
(5172, '495', '0.660629252', 99),
(5173, '505.2', '0.665060784', 99),
(5174, '515.4', '0.665558915', 99),
(5175, '525.6', '0.670480741', 99),
(5176, '535.8', '0.673841808', 99),
(5177, '546', '0.67216731', 99),
(5178, '556.2', '0.67218773', 99),
(5179, '566.4', '0.671163923', 99),
(5180, '576.6', '0.671682336', 99),
(5181, '586.8', '0.671859346', 99),
(5182, '597', '0.6746126', 99),
(5183, '600', '0.684608508', 99),
(5184, '600', '0.680405038', 99),
(5185, '608.502', '0.68614638', 99),
(5186, '616.998', '0.681673181', 99),
(5187, '625.5', '0.706762323', 99),
(5188, '634.002', '0.680833119', 99),
(5189, '642.498', '0.682687814', 99),
(5190, '651', '0.687065838', 99),
(5191, '659.502', '0.682308122', 99),
(5192, '667.998', '0.689163511', 99),
(5193, '676.5', '0.68482827', 99),
(5194, '685.002', '0.684080944', 99),
(5195, '693.498', '0.682529812', 99),
(5196, '702', '0.686515035', 99),
(5197, '710.502', '0.679469545', 99),
(5198, '718.998', '0.686948817', 99),
(5199, '727.5', '0.695476113', 99),
(5200, '736.002', '0.686492224', 99),
(5201, '744.498', '0.691712723', 99),
(5202, '753', '0.690985868', 99),
(5203, '761.502', '0.686119176', 99),
(5204, '769.998', '0.689801062', 99),
(5205, '778.5', '0.691106291', 99),
(5206, '787.002', '0.685460721', 99),
(5207, '795.498', '0.681123311', 99),
(5208, '804', '0.693827872', 99),
(5209, '812.502', '0.686681411', 99),
(5210, '820.998', '0.689012065', 99),
(5211, '829.5', '0.692394249', 99),
(5212, '838.002', '0.687426125', 99),
(5213, '846.498', '0.688094081', 99),
(5214, '855', '0.688051845', 99),
(5215, '863.502', '0.696451297', 99),
(5216, '871.998', '0.691916417', 99),
(5217, '880.5', '0.68888517', 99),
(5218, '889.002', '0.69303751', 99),
(5219, '897.498', '0.694916429', 99),
(5220, '906', '0.6944328', 99),
(5221, '914.502', '0.687577927', 99),
(5222, '922.998', '0.692874243', 99),
(5223, '931.5', '0.690894217', 99),
(5224, '940.002', '0.693419008', 99),
(5225, '948.498', '0.693239365', 99),
(5226, '957', '0.697707454', 99),
(5227, '965.502', '0.697339021', 99),
(5228, '973.998', '0.696548334', 99),
(5229, '982.5', '0.69022347', 99),
(5230, '991.002', '0.696109558', 99),
(5231, '999.498', '0.699946123', 99),
(5232, '1008', '0.699288207', 99),
(5233, '1016.502', '0.687853786', 99),
(5234, '1024.998', '0.698965219', 99),
(5235, '1033.5', '0.695832043', 99),
(5236, '1042.002', '0.698340562', 99),
(5237, '1050.498', '0.701615038', 99),
(5238, '1059', '0.699535593', 99),
(5239, '1067.502', '0.701621181', 99),
(5240, '1075.998', '0.69364328', 99),
(5241, '1084.5', '0.701521135', 99),
(5242, '1093.002', '0.696717813', 99),
(5243, '1101.498', '0.697506467', 99),
(5244, '1110', '0.697686944', 99),
(5245, '1118.502', '0.697976287', 99),
(5246, '1126.998', '0.692630519', 99),
(5247, '1135.5', '0.699412081', 99),
(5248, '1144.002', '0.698186773', 99),
(5249, '1152.498', '0.697604415', 99),
(5250, '1161', '0.70922389', 99),
(5251, '1169.502', '0.697373823', 99),
(5252, '1177.998', '0.70067086', 99),
(5253, '1186.5', '0.703276967', 99),
(5254, '1195.002', '0.701435811', 99),
(5255, '1200', '0.696495059', 99),
(5256, '240', '0.679599912', 100),
(5257, '250.2', '0.675518182', 100),
(5258, '260.4', '0.722890944', 100),
(5259, '270.6', '0.70569834', 100),
(5260, '280.8', '0.715391992', 100),
(5261, '291', '0.722357939', 100),
(5262, '301.2', '0.731751541', 100),
(5263, '311.4', '0.734960552', 100),
(5264, '321.6', '0.709497823', 100),
(5265, '331.8', '0.735195491', 100),
(5266, '342', '0.746035159', 100),
(5267, '352.2', '0.771158645', 100),
(5268, '362.4', '0.761627181', 100),
(5269, '372.6', '0.787577149', 100),
(5270, '382.8', '0.765906532', 100),
(5271, '393', '0.787181166', 100),
(5272, '403.2', '0.816561845', 100),
(5273, '413.4', '0.795031612', 100),
(5274, '423.6', '0.808511758', 100),
(5275, '433.8', '0.779049086', 100),
(5276, '444', '0.799083338', 100),
(5277, '454.2', '0.811873801', 100),
(5278, '464.4', '0.822716336', 100),
(5279, '474.6', '0.819713535', 100),
(5280, '484.8', '0.832881944', 100),
(5281, '495', '0.820983723', 100),
(5282, '505.2', '0.848069915', 100),
(5283, '515.4', '0.851693332', 100),
(5284, '525.6', '0.875917323', 100),
(5285, '535.8', '0.863750937', 100),
(5286, '546', '0.852708153', 100),
(5287, '556.2', '0.868199548', 100),
(5288, '566.4', '0.846888266', 100),
(5289, '576.6', '0.872653713', 100),
(5290, '586.8', '0.869228772', 100),
(5291, '597', '0.87311127', 100),
(5292, '600', '0.888793089', 100),
(5293, '600', '0.910841335', 100),
(5294, '608.502', '0.897393605', 100),
(5295, '616.998', '0.901625891', 100),
(5296, '625.5', '0.894877656', 100),
(5297, '634.002', '0.923057088', 100),
(5298, '642.498', '0.903615687', 100),
(5299, '651', '0.904388156', 100),
(5300, '659.502', '0.879763764', 100),
(5301, '667.998', '0.90221155', 100),
(5302, '676.5', '0.902115447', 100),
(5303, '685.002', '0.901306988', 100),
(5304, '693.498', '0.897609597', 100),
(5305, '702', '0.914072976', 100),
(5306, '710.502', '0.906363093', 100),
(5307, '718.998', '0.914643631', 100),
(5308, '727.5', '0.922498473', 100),
(5309, '736.002', '0.912970771', 100),
(5310, '744.498', '0.918325418', 100),
(5311, '753', '0.926939713', 100),
(5312, '761.502', '0.907794256', 100),
(5313, '769.998', '0.899670964', 100),
(5314, '778.5', '0.906284298', 100),
(5315, '787.002', '0.938873742', 100),
(5316, '795.498', '0.919749104', 100),
(5317, '804', '0.916805146', 100),
(5318, '812.502', '0.920104642', 100),
(5319, '820.998', '0.933853323', 100),
(5320, '829.5', '0.931191366', 100),
(5321, '838.002', '0.926829268', 100),
(5322, '846.498', '0.92228164', 100),
(5323, '855', '0.925895529', 100),
(5324, '863.502', '0.887808113', 100),
(5325, '871.998', '0.912059489', 100),
(5326, '880.5', '0.925419537', 100),
(5327, '889.002', '0.912901566', 100),
(5328, '897.498', '0.923232544', 100),
(5329, '906', '0.941058514', 100),
(5330, '914.502', '0.927609428', 100),
(5331, '922.998', '0.916446325', 100),
(5332, '931.5', '0.94024286', 100),
(5333, '940.002', '0.925235324', 100),
(5334, '948.498', '0.947834663', 100),
(5335, '957', '0.923975675', 100),
(5336, '965.502', '0.919931947', 100),
(5337, '973.998', '0.931032093', 100),
(5338, '982.5', '0.95825076', 100),
(5339, '991.002', '0.92716295', 100),
(5340, '999.498', '0.923832707', 100),
(5341, '1008', '0.953620201', 100),
(5342, '1016.502', '0.947242931', 100),
(5343, '1024.998', '0.948648789', 100),
(5344, '1033.5', '0.954259934', 100),
(5345, '1042.002', '0.944785702', 100),
(5346, '1050.498', '0.943492915', 100),
(5347, '1059', '0.940714095', 100),
(5348, '1067.502', '0.956389435', 100),
(5349, '1075.998', '0.935583612', 100),
(5350, '1084.5', '0.925238545', 100),
(5351, '1093.002', '0.936928088', 100),
(5352, '1101.498', '0.950754046', 100),
(5353, '1110', '0.945186917', 100),
(5354, '1118.502', '0.942036482', 100),
(5355, '1126.998', '0.965708522', 100),
(5356, '1135.5', '0.953436583', 100),
(5357, '1144.002', '0.954740821', 100),
(5358, '1152.498', '0.948100093', 100),
(5359, '1161', '0.960185041', 100),
(5360, '1169.502', '0.945147679', 100),
(5361, '1177.998', '0.934764418', 100),
(5362, '1186.5', '0.949434738', 100),
(5363, '1195.002', '0.962848506', 100),
(5364, '1200', '0.952065422', 100),
(5365, '240', '0.628657751', 101),
(5366, '250.2', '0.641253292', 101),
(5367, '260.4', '0.639234628', 101),
(5368, '270.6', '0.636581118', 101),
(5369, '280.8', '0.639658849', 101),
(5370, '291', '0.634741007', 101),
(5371, '301.2', '0.637302138', 101),
(5372, '311.4', '0.643625894', 101),
(5373, '321.6', '0.634716403', 101),
(5374, '331.8', '0.63262305', 101),
(5375, '342', '0.642640201', 101),
(5376, '352.2', '0.649760219', 101),
(5377, '362.4', '0.65121716', 101),
(5378, '372.6', '0.658156435', 101),
(5379, '382.8', '0.656431002', 101),
(5380, '393', '0.655873359', 101),
(5381, '403.2', '0.657877886', 101),
(5382, '413.4', '0.664974411', 101),
(5383, '423.6', '0.658531209', 101),
(5384, '433.8', '0.667760153', 101),
(5385, '444', '0.668130511', 101),
(5386, '454.2', '0.66001812', 101),
(5387, '464.4', '0.66639034', 101),
(5388, '474.6', '0.675075975', 101),
(5389, '484.8', '0.67693857', 101),
(5390, '495', '0.678010261', 101),
(5391, '505.2', '0.670588561', 101),
(5392, '515.4', '0.678360125', 101),
(5393, '525.6', '0.676191651', 101),
(5394, '535.8', '0.674368402', 101),
(5395, '546', '0.680739549', 101),
(5396, '556.2', '0.68079014', 101),
(5397, '566.4', '0.678921215', 101),
(5398, '576.6', '0.684125782', 101),
(5399, '586.8', '0.692998353', 101),
(5400, '597', '0.688670071', 101),
(5401, '600', '0.692124333', 101),
(5402, '600', '0.693656886', 101),
(5403, '608.502', '0.696601824', 101),
(5404, '616.998', '0.695011338', 101),
(5405, '625.5', '0.688599214', 101),
(5406, '634.002', '0.67291978', 101),
(5407, '642.498', '0.696704084', 101),
(5408, '651', '0.694442733', 101),
(5409, '659.502', '0.694418158', 101),
(5410, '667.998', '0.699364196', 101),
(5411, '676.5', '0.699496344', 101),
(5412, '685.002', '0.697120186', 101),
(5413, '693.498', '0.70290545', 101),
(5414, '702', '0.696439165', 101),
(5415, '710.502', '0.695777124', 101),
(5416, '718.998', '0.694963811', 101),
(5417, '727.5', '0.698129111', 101),
(5418, '736.002', '0.696066869', 101),
(5419, '744.498', '0.696598244', 101),
(5420, '753', '0.693802207', 101),
(5421, '761.502', '0.69995673', 101),
(5422, '769.998', '0.695956985', 101),
(5423, '778.5', '0.699174215', 101),
(5424, '787.002', '0.700198441', 101),
(5425, '795.498', '0.699262986', 101),
(5426, '804', '0.700502322', 101),
(5427, '812.502', '0.701467352', 101),
(5428, '820.998', '0.699363178', 101),
(5429, '829.5', '0.704128703', 101),
(5430, '838.002', '0.705830695', 101),
(5431, '846.498', '0.703978919', 101),
(5432, '855', '0.706331669', 101),
(5433, '863.502', '0.704808552', 101),
(5434, '871.998', '0.702798858', 101),
(5435, '880.5', '0.705832995', 101),
(5436, '889.002', '0.700964763', 101),
(5437, '897.498', '0.702208942', 101),
(5438, '906', '0.705759241', 101),
(5439, '914.502', '0.706787158', 101),
(5440, '922.998', '0.708453003', 101),
(5441, '931.5', '0.706966919', 101),
(5442, '940.002', '0.709154712', 101),
(5443, '948.498', '0.712586383', 101),
(5444, '957', '0.7051472', 101),
(5445, '965.502', '0.712066203', 101),
(5446, '973.998', '0.699928822', 101),
(5447, '982.5', '0.714106466', 101),
(5448, '991.002', '0.706749515', 101),
(5449, '999.498', '0.700238716', 101),
(5450, '1008', '0.707273975', 101),
(5451, '1016.502', '0.706427753', 101),
(5452, '1024.998', '0.707898923', 101),
(5453, '1033.5', '0.710812461', 101),
(5454, '1042.002', '0.712190392', 101),
(5455, '1050.498', '0.712589943', 101),
(5456, '1059', '0.707320732', 101),
(5457, '1067.502', '0.709810207', 101),
(5458, '1075.998', '0.710904272', 101),
(5459, '1084.5', '0.706495061', 101),
(5460, '1093.002', '0.714530607', 101),
(5461, '1101.498', '0.709934745', 101),
(5462, '1110', '0.703987571', 101),
(5463, '1118.502', '0.712558228', 101),
(5464, '1126.998', '0.708206976', 101),
(5465, '1135.5', '0.706805573', 101),
(5466, '1144.002', '0.708706865', 101),
(5467, '1152.498', '0.705390297', 101),
(5468, '1161', '0.708654846', 101),
(5469, '1169.502', '0.708770774', 101),
(5470, '1177.998', '0.705435015', 101),
(5471, '1186.5', '0.717181592', 101),
(5472, '1195.002', '0.71768954', 101),
(5473, '1200', '0.710895449', 101),
(5474, '240', '0.720336532', 102),
(5475, '250.2', '0.717005829', 102),
(5476, '260.4', '0.722209579', 102),
(5477, '270.6', '0.718664921', 102),
(5478, '280.8', '0.722816515', 102),
(5479, '291', '0.727596733', 102),
(5480, '301.2', '0.727574262', 102),
(5481, '311.4', '0.737022493', 102),
(5482, '321.6', '0.732609632', 102),
(5483, '331.8', '0.737083484', 102),
(5484, '342', '0.737504845', 102),
(5485, '352.2', '0.740815711', 102),
(5486, '362.4', '0.74869074', 102),
(5487, '372.6', '0.743785088', 102),
(5488, '382.8', '0.752397957', 102),
(5489, '393', '0.751499328', 102),
(5490, '403.2', '0.751095342', 102),
(5491, '413.4', '0.752251787', 102),
(5492, '423.6', '0.753176184', 102),
(5493, '433.8', '0.754735501', 102),
(5494, '444', '0.762750192', 102),
(5495, '454.2', '0.759067897', 102),
(5496, '464.4', '0.758746917', 102),
(5497, '474.6', '0.759648942', 102),
(5498, '484.8', '0.76453897', 102),
(5499, '495', '0.760393457', 102),
(5500, '505.2', '0.762201686', 102),
(5501, '515.4', '0.763301348', 102),
(5502, '525.6', '0.765254456', 102),
(5503, '535.8', '0.772176259', 102),
(5504, '546', '0.769197629', 102),
(5505, '556.2', '0.771387812', 102),
(5506, '566.4', '0.771138989', 102),
(5507, '576.6', '0.77040113', 102),
(5508, '586.8', '0.775958158', 102),
(5509, '597', '0.772747102', 102),
(5510, '600', '0.774229678', 102),
(5511, '600', '0.790492672', 102),
(5512, '608.502', '0.784762059', 102),
(5513, '616.998', '0.787787698', 102),
(5514, '625.5', '0.786022985', 102),
(5515, '634.002', '0.784637653', 102),
(5516, '642.498', '0.784130858', 102),
(5517, '651', '0.780874849', 102),
(5518, '659.502', '0.78533558', 102),
(5519, '667.998', '0.787011369', 102),
(5520, '676.5', '0.78372849', 102),
(5521, '685.002', '0.784835519', 102),
(5522, '693.498', '0.78281219', 102),
(5523, '702', '0.789129466', 102),
(5524, '710.502', '0.782615776', 102),
(5525, '718.998', '0.788520122', 102),
(5526, '727.5', '0.792288055', 102),
(5527, '736.002', '0.79161849', 102),
(5528, '744.498', '0.787564517', 102),
(5529, '753', '0.79122892', 102),
(5530, '761.502', '0.790835928', 102),
(5531, '769.998', '0.787492753', 102),
(5532, '778.5', '0.794539194', 102),
(5533, '787.002', '0.79449233', 102),
(5534, '795.498', '0.793104835', 102),
(5535, '804', '0.794420244', 102),
(5536, '812.502', '0.793442781', 102),
(5537, '820.998', '0.798034636', 102),
(5538, '829.5', '0.796572995', 102),
(5539, '838.002', '0.796282139', 102),
(5540, '846.498', '0.793968476', 102),
(5541, '855', '0.793613142', 102),
(5542, '863.502', '0.792988367', 102),
(5543, '871.998', '0.793665625', 102),
(5544, '880.5', '0.793051945', 102),
(5545, '889.002', '0.795148773', 102),
(5546, '897.498', '0.796092816', 102),
(5547, '906', '0.245977011', 102),
(5548, '914.502', '0.711779552', 102),
(5549, '922.998', '0.79283991', 102),
(5550, '931.5', '0.793485016', 102),
(5551, '940.002', '0.79314521', 102),
(5552, '948.498', '0.798697358', 102),
(5553, '957', '0.799007945', 102),
(5554, '965.502', '0.804465166', 102),
(5555, '973.998', '0.801216451', 102),
(5556, '982.5', '0.799208736', 102),
(5557, '991.002', '0.801527209', 102),
(5558, '999.498', '0.798712519', 102),
(5559, '1008', '0.800956799', 102),
(5560, '1016.502', '0.806469171', 102),
(5561, '1024.998', '0.800802236', 102),
(5562, '1033.5', '0.804425128', 102),
(5563, '1042.002', '0.804999758', 102),
(5564, '1050.498', '0.808258027', 102),
(5565, '1059', '0.805210898', 102),
(5566, '1067.502', '0.803567684', 102),
(5567, '1075.998', '0.805618636', 102),
(5568, '1084.5', '0.808113577', 102),
(5569, '1093.002', '0.809631861', 102),
(5570, '1101.498', '0.806688765', 102),
(5571, '1110', '0.806095875', 102),
(5572, '1118.502', '0.806994277', 102),
(5573, '1126.998', '0.808876347', 102),
(5574, '1135.5', '0.806755626', 102),
(5575, '1144.002', '0.807728854', 102),
(5576, '1152.498', '0.808758819', 102),
(5577, '1161', '0.809461583', 102),
(5578, '1169.502', '0.806771403', 102),
(5579, '1177.998', '0.810240286', 102),
(5580, '1186.5', '0.810636707', 102),
(5581, '1195.002', '0.807376555', 102),
(5582, '1200', '0.80706489', 102),
(5583, '240', '0.414909617', 103),
(5584, '250.2', '0.405261019', 103),
(5585, '260.4', '0.407370846', 103),
(5586, '270.6', '0.410438338', 103),
(5587, '280.8', '0.422330097', 103),
(5588, '291', '0.428128564', 103),
(5589, '301.2', '0.43139657', 103),
(5590, '311.4', '0.43815146', 103),
(5591, '321.6', '0.447148962', 103),
(5592, '331.8', '0.433310625', 103),
(5593, '342', '0.434192955', 103),
(5594, '352.2', '0.444685934', 103),
(5595, '362.4', '0.450044051', 103),
(5596, '372.6', '0.469207816', 103),
(5597, '382.8', '0.465050177', 103),
(5598, '393', '0.470507866', 103),
(5599, '403.2', '0.466848742', 103),
(5600, '413.4', '0.487033613', 103),
(5601, '423.6', '0.472968598', 103),
(5602, '433.8', '0.483963032', 103),
(5603, '444', '0.490432207', 103),
(5604, '454.2', '0.497902867', 103),
(5605, '464.4', '0.500457195', 103),
(5606, '474.6', '0.490978607', 103),
(5607, '484.8', '0.51402262', 103),
(5608, '495', '0.500062557', 103),
(5609, '505.2', '0.494511504', 103),
(5610, '515.4', '0.498540015', 103),
(5611, '525.6', '0.498240469', 103),
(5612, '535.8', '0.513957879', 103),
(5613, '546', '0.511589244', 103),
(5614, '556.2', '0.519060117', 103),
(5615, '566.4', '0.520019366', 103),
(5616, '576.6', '0.514524481', 103),
(5617, '586.8', '0.515829894', 103),
(5618, '597', '0.523843179', 103),
(5619, '600', '0.527114924', 103),
(5620, '608.502', '0.531027075', 103),
(5621, '616.998', '0.534144373', 103),
(5622, '625.5', '0.537069224', 103),
(5623, '634.002', '0.538598999', 103),
(5624, '642.498', '0.53652948', 103),
(5625, '651', '0.541472581', 103),
(5626, '659.502', '0.551850441', 103),
(5627, '667.998', '0.53238489', 103),
(5628, '676.5', '0.547735109', 103),
(5629, '685.002', '0.542429647', 103),
(5630, '693.498', '0.533467504', 103),
(5631, '702', '0.526112736', 103),
(5632, '710.502', '0.536504065', 103),
(5633, '718.998', '0.530975374', 103),
(5634, '727.5', '0.540331845', 103),
(5635, '736.002', '0.533259633', 103),
(5636, '744.498', '0.541723748', 103),
(5637, '753', '0.544689547', 103),
(5638, '761.502', '0.545823384', 103),
(5639, '769.998', '0.54864401', 103),
(5640, '778.5', '0.538105681', 103),
(5641, '787.002', '0.532641644', 103),
(5642, '795.498', '0.526998623', 103),
(5643, '804', '0.538099405', 103),
(5644, '812.502', '0.528738028', 103),
(5645, '820.998', '0.546824691', 103),
(5646, '829.5', '0.549434372', 103),
(5647, '838.002', '0.533824257', 103),
(5648, '846.498', '0.553922981', 103),
(5649, '855', '0.545499434', 103),
(5650, '863.502', '0.561259735', 103),
(5651, '871.998', '0.579833009', 103),
(5652, '880.5', '0.57685333', 103),
(5653, '889.002', '0.575449783', 103),
(5654, '897.498', '0.581469825', 103),
(5655, '906', '0.56364354', 103),
(5656, '914.502', '0.580642479', 103),
(5657, '922.998', '0.585569552', 103),
(5658, '931.5', '0.587506702', 103),
(5659, '940.002', '0.582941108', 103),
(5660, '948.498', '0.580366009', 103),
(5661, '957', '0.576072626', 103),
(5662, '965.502', '0.578942508', 103),
(5663, '973.998', '0.582628866', 103),
(5664, '982.5', '0.572665704', 103),
(5665, '991.002', '0.589265215', 103),
(5666, '999.498', '0.587785853', 103),
(5667, '1008', '0.590595577', 103),
(5668, '1016.502', '0.590746729', 103),
(5669, '1024.998', '0.579941358', 103),
(5670, '1033.5', '0.570911998', 103),
(5671, '1042.002', '0.580608382', 103),
(5672, '1050.498', '0.591893086', 103),
(5673, '1059', '0.592111177', 103),
(5674, '1067.502', '0.582828477', 103),
(5675, '1075.998', '0.603691121', 103),
(5676, '1084.5', '0.583830351', 103),
(5677, '1093.002', '0.589777303', 103),
(5678, '1101.498', '0.584261442', 103),
(5679, '1110', '0.589269012', 103),
(5680, '1118.502', '0.582696494', 103),
(5681, '1126.998', '0.599960688', 103),
(5682, '1135.5', '0.589688186', 103),
(5683, '1144.002', '0.595296941', 103),
(5684, '1152.498', '0.580336865', 103),
(5685, '1161', '0.580684243', 103),
(5686, '1169.502', '0.596114352', 103),
(5687, '1177.998', '0.582681273', 103),
(5688, '1186.5', '0.58869214', 103),
(5689, '1195.002', '0.581813925', 103),
(5690, '240', '0.53961597', 104),
(5691, '250.2', '0.542499204', 104),
(5692, '260.4', '0.54307902', 104),
(5693, '270.6', '0.541773285', 104),
(5694, '280.8', '0.535438264', 104),
(5695, '291', '0.535487704', 104),
(5696, '301.2', '0.54785163', 104),
(5697, '311.4', '0.540241093', 104),
(5698, '321.6', '0.547742786', 104),
(5699, '331.8', '0.547912025', 104),
(5700, '342', '0.551435374', 104),
(5701, '352.2', '0.54634079', 104),
(5702, '362.4', '0.544844982', 104),
(5703, '372.6', '0.552844855', 104),
(5704, '382.8', '0.554423107', 104),
(5705, '393', '0.558959772', 104),
(5706, '403.2', '0.555887584', 104),
(5707, '413.4', '0.566243848', 104),
(5708, '423.6', '0.571139471', 104),
(5709, '433.8', '0.56564654', 104),
(5710, '444', '0.578061477', 104),
(5711, '454.2', '0.570666064', 104),
(5712, '464.4', '0.576311198', 104),
(5713, '474.6', '0.58340192', 104),
(5714, '484.8', '0.581933942', 104),
(5715, '495', '0.57943026', 104),
(5716, '505.2', '0.585185783', 104),
(5717, '515.4', '0.572551258', 104),
(5718, '525.6', '0.597293338', 104),
(5719, '535.8', '0.589087042', 104),
(5720, '546', '0.59622417', 104),
(5721, '556.2', '0.587741067', 104),
(5722, '566.4', '0.596929583', 104),
(5723, '576.6', '0.592109758', 104),
(5724, '586.8', '0.5899058', 104),
(5725, '597', '0.591098997', 104),
(5726, '600', '0.603150481', 104),
(5727, '608.502', '0.589261269', 104),
(5728, '616.998', '0.601773005', 104),
(5729, '625.5', '0.601808557', 104),
(5730, '634.002', '0.53817766', 104),
(5731, '642.498', '0.589438583', 104),
(5732, '651', '0.597757473', 104),
(5733, '659.502', '0.587150376', 104),
(5734, '667.998', '0.610295118', 104),
(5735, '676.5', '0.603629123', 104),
(5736, '685.002', '0.611895472', 104),
(5737, '693.498', '0.607446209', 104),
(5738, '702', '0.604441736', 104),
(5739, '710.502', '0.611641485', 104),
(5740, '718.998', '0.598938859', 104),
(5741, '727.5', '0.610140853', 104),
(5742, '736.002', '0.60957871', 104),
(5743, '744.498', '0.606239101', 104),
(5744, '753', '0.607784267', 104),
(5745, '761.502', '0.612270885', 104),
(5746, '769.998', '0.603004758', 104),
(5747, '778.5', '0.607350681', 104),
(5748, '787.002', '0.607626539', 104),
(5749, '795.498', '0.606586294', 104),
(5750, '804', '0.606578994', 104),
(5751, '812.502', '0.610749072', 104),
(5752, '820.998', '0.599591186', 104),
(5753, '829.5', '0.596947877', 104),
(5754, '838.002', '0.606305497', 104),
(5755, '846.498', '0.597706876', 104),
(5756, '855', '0.596696032', 104),
(5757, '863.502', '0.593401174', 104),
(5758, '871.998', '0.608141738', 104),
(5759, '880.5', '0.615123735', 104),
(5760, '889.002', '0.620615791', 104),
(5761, '897.498', '0.616751303', 104),
(5762, '906', '0.611732055', 104),
(5763, '914.502', '0.610922024', 104),
(5764, '922.998', '0.613310384', 104),
(5765, '931.5', '0.611634896', 104),
(5766, '940.002', '0.612252568', 104),
(5767, '948.498', '0.610334028', 104),
(5768, '957', '0.61396599', 104),
(5769, '965.502', '0.615668008', 104),
(5770, '973.998', '0.618021372', 104),
(5771, '982.5', '0.615363635', 104),
(5772, '991.002', '0.613547282', 104),
(5773, '999.498', '0.616674268', 104),
(5774, '1008', '0.616058109', 104),
(5775, '1016.502', '0.619226202', 104),
(5776, '1024.998', '0.608769857', 104),
(5777, '1033.5', '0.627027876', 104),
(5778, '1042.002', '0.617886691', 104),
(5779, '1050.498', '0.60512213', 104),
(5780, '1059', '0.606364798', 104),
(5781, '1067.502', '0.608301076', 104),
(5782, '1075.998', '0.621982602', 104),
(5783, '1084.5', '0.619197504', 104),
(5784, '1093.002', '0.619611229', 104),
(5785, '1101.498', '0.610583303', 104),
(5786, '1110', '0.610678404', 104),
(5787, '1118.502', '0.618700153', 104),
(5788, '1126.998', '0.637910486', 104),
(5789, '1135.5', '0.634913649', 104),
(5790, '1144.002', '0.632144671', 104),
(5791, '1152.498', '0.620356673', 104),
(5792, '1161', '0.620711867', 104),
(5793, '1169.502', '0.622395138', 104),
(5794, '1177.998', '0.629759932', 104),
(5795, '1186.5', '0.63022915', 104),
(5796, '1195.002', '0.61969247', 104),
(5797, '240', '0.481440257', 105),
(5798, '250.2', '0.462935337', 105),
(5799, '260.4', '0.484551131', 105),
(5800, '270.6', '0.466379279', 105),
(5801, '280.8', '0.463401135', 105),
(5802, '291', '0.467177365', 105),
(5803, '301.2', '0.468845401', 105),
(5804, '311.4', '0.471061496', 105),
(5805, '321.6', '0.474933769', 105),
(5806, '331.8', '0.468669961', 105),
(5807, '342', '0.457576723', 105),
(5808, '352.2', '0.484319259', 105),
(5809, '362.4', '0.47340537', 105),
(5810, '372.6', '0.496959769', 105),
(5811, '382.8', '0.483678429', 105),
(5812, '393', '0.485546956', 105),
(5813, '403.2', '0.495067911', 105),
(5814, '413.4', '0.498282935', 105),
(5815, '423.6', '0.500345995', 105),
(5816, '433.8', '0.510624634', 105),
(5817, '444', '0.502251616', 105),
(5818, '454.2', '0.502264701', 105),
(5819, '464.4', '0.50438718', 105),
(5820, '474.6', '0.513830351', 105),
(5821, '484.8', '0.508342686', 105),
(5822, '495', '0.507708003', 105),
(5823, '505.2', '0.516335522', 105),
(5824, '515.4', '0.519435488', 105),
(5825, '525.6', '0.507317772', 105),
(5826, '535.8', '0.528339257', 105),
(5827, '546', '0.514907423', 105),
(5828, '556.2', '0.514872601', 105),
(5829, '566.4', '0.532322782', 105),
(5830, '576.6', '0.511588925', 105),
(5831, '586.8', '0.526560219', 105),
(5832, '597', '0.515418252', 105),
(5833, '600', '0.542465905', 105),
(5834, '608.502', '0.543738363', 105),
(5835, '616.998', '0.547463758', 105),
(5836, '625.5', '0.54449107', 105),
(5837, '634.002', '0.542149953', 105),
(5838, '642.498', '0.527385392', 105),
(5839, '651', '0.522848156', 105),
(5840, '659.502', '0.565023847', 105),
(5841, '667.998', '0.546152116', 105),
(5842, '676.5', '0.542320436', 105),
(5843, '685.002', '0.545744867', 105),
(5844, '693.498', '0.544810224', 105),
(5845, '702', '0.5454915', 105),
(5846, '710.502', '0.543968298', 105),
(5847, '718.998', '0.548404324', 105),
(5848, '727.5', '0.547810396', 105),
(5849, '736.002', '0.536098823', 105),
(5850, '744.498', '0.537446879', 105),
(5851, '753', '0.551901391', 105),
(5852, '761.502', '0.553178236', 105),
(5853, '769.998', '0.555285081', 105),
(5854, '778.5', '0.550590736', 105),
(5855, '787.002', '0.544204901', 105),
(5856, '795.498', '0.549588335', 105),
(5857, '804', '0.549291279', 105),
(5858, '812.502', '0.555359571', 105),
(5859, '820.998', '0.554910262', 105),
(5860, '829.5', '0.548184737', 105),
(5861, '838.002', '0.552168621', 105),
(5862, '846.498', '0.551463826', 105),
(5863, '855', '0.561094345', 105),
(5864, '863.502', '0.554961475', 105),
(5865, '871.998', '0.558095863', 105),
(5866, '880.5', '0.554499502', 105),
(5867, '889.002', '0.551932367', 105),
(5868, '897.498', '0.555347943', 105),
(5869, '906', '0.543588185', 105),
(5870, '914.502', '0.545413374', 105),
(5871, '922.998', '0.551504836', 105),
(5872, '931.5', '0.539194905', 105),
(5873, '940.002', '0.55583654', 105),
(5874, '948.498', '0.552742616', 105),
(5875, '957', '0.558143904', 105),
(5876, '965.502', '0.545041389', 105),
(5877, '973.998', '0.564041454', 105),
(5878, '982.5', '0.557269352', 105),
(5879, '991.002', '0.557915438', 105),
(5880, '999.498', '0.557130711', 105),
(5881, '1008', '0.555650784', 105),
(5882, '1016.502', '0.553376139', 105),
(5883, '1024.998', '0.561524507', 105),
(5884, '1033.5', '0.556719679', 105),
(5885, '1042.002', '0.540518984', 105),
(5886, '1050.498', '0.555323992', 105),
(5887, '1059', '0.549678211', 105),
(5888, '1067.502', '0.550731374', 105),
(5889, '1075.998', '0.546051775', 105),
(5890, '1084.5', '0.550074697', 105),
(5891, '1093.002', '0.556991514', 105),
(5892, '1101.498', '0.560486145', 105),
(5893, '1110', '0.54017212', 105),
(5894, '1118.502', '0.545543766', 105),
(5895, '1126.998', '0.541446402', 105),
(5896, '1135.5', '0.557770494', 105),
(5897, '1144.002', '0.564561028', 105),
(5898, '1152.498', '0.558953598', 105),
(5899, '1161', '0.569994518', 105),
(5900, '1169.502', '0.548571859', 105),
(5901, '1177.998', '0.551974288', 105),
(5902, '1186.5', '0.554541736', 105),
(5903, '1195.002', '0.548531221', 105),
(5904, '240', '0.648268218', 106),
(5905, '250.2', '0.656980943', 106),
(5906, '260.4', '0.653378296', 106),
(5907, '270.6', '0.653351314', 106),
(5908, '280.8', '0.657763386', 106),
(5909, '291', '0.658680351', 106),
(5910, '301.2', '0.654358094', 106),
(5911, '311.4', '0.662440657', 106),
(5912, '321.6', '0.664504445', 106),
(5913, '331.8', '0.661005672', 106),
(5914, '342', '0.660302399', 106),
(5915, '352.2', '0.657306823', 106),
(5916, '362.4', '0.667228983', 106),
(5917, '372.6', '0.671301862', 106),
(5918, '382.8', '0.66994275', 106),
(5919, '393', '0.666116647', 106),
(5920, '403.2', '0.678458765', 106),
(5921, '413.4', '0.676572322', 106),
(5922, '423.6', '0.685586303', 106),
(5923, '433.8', '0.679965412', 106),
(5924, '444', '0.687725728', 106),
(5925, '454.2', '0.680725462', 106),
(5926, '464.4', '0.688856063', 106),
(5927, '474.6', '0.687263761', 106),
(5928, '484.8', '0.688610879', 106),
(5929, '495', '0.689337367', 106),
(5930, '505.2', '0.693437498', 106),
(5931, '515.4', '0.694340796', 106),
(5932, '525.6', '0.689763385', 106),
(5933, '535.8', '0.694361592', 106),
(5934, '546', '0.701441954', 106),
(5935, '556.2', '0.699155037', 106),
(5936, '566.4', '0.704189191', 106),
(5937, '576.6', '0.703586464', 106),
(5938, '586.8', '0.708185318', 106),
(5939, '597', '0.701449962', 106),
(5940, '600', '0.715436659', 106),
(5941, '608.502', '0.714554846', 106),
(5942, '616.998', '0.71910001', 106),
(5943, '625.5', '0.714748835', 106),
(5944, '634.002', '0.713492911', 106),
(5945, '642.498', '0.711675685', 106),
(5946, '651', '0.717697578', 106),
(5947, '659.502', '0.714368983', 106),
(5948, '667.998', '0.71981751', 106),
(5949, '676.5', '0.722035468', 106),
(5950, '685.002', '0.718288901', 106),
(5951, '693.498', '0.715546514', 106),
(5952, '702', '0.721383717', 106),
(5953, '710.502', '0.717935499', 106),
(5954, '718.998', '0.721565685', 106),
(5955, '727.5', '0.719100424', 106),
(5956, '736.002', '0.716973504', 106),
(5957, '744.498', '0.720335675', 106),
(5958, '753', '0.712070445', 106),
(5959, '761.502', '0.713106465', 106),
(5960, '769.998', '0.712852638', 106),
(5961, '778.5', '0.711639308', 106),
(5962, '787.002', '0.709252185', 106),
(5963, '795.498', '0.710202682', 106),
(5964, '804', '0.721091547', 106),
(5965, '812.502', '0.711752999', 106),
(5966, '820.998', '0.715712815', 106),
(5967, '829.5', '0.717760145', 106),
(5968, '838.002', '0.715024116', 106),
(5969, '846.498', '0.718764722', 106),
(5970, '855', '0.715992418', 106),
(5971, '863.502', '0.713592022', 106),
(5972, '871.998', '0.713000465', 106),
(5973, '880.5', '0.711336965', 106),
(5974, '889.002', '0.716719325', 106),
(5975, '897.498', '0.714426456', 106),
(5976, '906', '0.718470407', 106),
(5977, '914.502', '0.718988293', 106),
(5978, '922.998', '0.716241545', 106),
(5979, '931.5', '0.72149277', 106),
(5980, '940.002', '0.717562048', 106),
(5981, '948.498', '0.719007726', 106),
(5982, '957', '0.71910393', 106),
(5983, '965.502', '0.717268532', 106),
(5984, '973.998', '0.723562561', 106),
(5985, '982.5', '0.721379012', 106),
(5986, '991.002', '0.718939126', 106),
(5987, '999.498', '0.727575588', 106),
(5988, '1008', '0.718640632', 106),
(5989, '1016.502', '0.722935176', 106),
(5990, '1024.998', '0.718993817', 106),
(5991, '1033.5', '0.721907945', 106),
(5992, '1042.002', '0.720178086', 106),
(5993, '1050.498', '0.713376108', 106),
(5994, '1059', '0.721008912', 106),
(5995, '1067.502', '0.720808871', 106),
(5996, '1075.998', '0.72085037', 106),
(5997, '1084.5', '0.725324071', 106),
(5998, '1093.002', '0.722133497', 106),
(5999, '1101.498', '0.71809126', 106),
(6000, '1110', '0.718307885', 106),
(6001, '1118.502', '0.720642452', 106),
(6002, '1126.998', '0.722470297', 106),
(6003, '1135.5', '0.720774494', 106),
(6004, '1144.002', '0.720897691', 106),
(6005, '1152.498', '0.722687732', 106),
(6006, '1161', '0.719618443', 106),
(6007, '1169.502', '0.724681126', 106),
(6008, '1177.998', '0.724335077', 106),
(6009, '1186.5', '0.726138541', 106),
(6010, '1195.002', '0.720445248', 106),
(6011, '240', '0.65952408', 107),
(6012, '250.2', '0.656693314', 107),
(6013, '260.4', '0.652324198', 107),
(6014, '270.6', '0.653561561', 107),
(6015, '280.8', '0.654000493', 107),
(6016, '291', '0.652914939', 107),
(6017, '301.2', '0.653031989', 107),
(6018, '311.4', '0.647844007', 107),
(6019, '321.6', '0.656511462', 107),
(6020, '331.8', '0.653249074', 107),
(6021, '342', '0.65550325', 107),
(6022, '352.2', '0.658643988', 107),
(6023, '362.4', '0.662264057', 107),
(6024, '372.6', '0.659362437', 107),
(6025, '382.8', '0.671161981', 107),
(6026, '393', '0.666842263', 107),
(6027, '403.2', '0.673600881', 107),
(6028, '413.4', '0.666866141', 107),
(6029, '423.6', '0.669587956', 107),
(6030, '433.8', '0.672509879', 107),
(6031, '444', '0.672145951', 107),
(6032, '454.2', '0.676583911', 107),
(6033, '464.4', '0.671577686', 107),
(6034, '474.6', '0.674396234', 107),
(6035, '484.8', '0.679066718', 107),
(6036, '495', '0.675725869', 107),
(6037, '505.2', '0.68134207', 107),
(6038, '515.4', '0.681112011', 107),
(6039, '525.6', '0.679849855', 107),
(6040, '535.8', '0.690490912', 107),
(6041, '546', '0.682215809', 107),
(6042, '556.2', '0.688750369', 107),
(6043, '566.4', '0.684212289', 107),
(6044, '576.6', '0.687077819', 107),
(6045, '586.8', '0.681999977', 107),
(6046, '597', '0.691018884', 107),
(6047, '600', '0.693465447', 107);
INSERT INTO `measurements_data` (`id`, `res_time`, `result`, `measurement_id`) VALUES
(6048, '608.502', '0.687826032', 107),
(6049, '616.998', '0.694454816', 107),
(6050, '625.5', '0.691769047', 107),
(6051, '634.002', '0.697771172', 107),
(6052, '642.498', '0.691117572', 107),
(6053, '651', '0.668659348', 107),
(6054, '659.502', '0.702794121', 107),
(6055, '667.998', '0.701390147', 107),
(6056, '676.5', '0.697281644', 107),
(6057, '685.002', '0.694346309', 107),
(6058, '693.498', '0.703038969', 107),
(6059, '702', '0.698583494', 107),
(6060, '710.502', '0.704751864', 107),
(6061, '718.998', '0.703727104', 107),
(6062, '727.5', '0.70458561', 107),
(6063, '736.002', '0.697772833', 107),
(6064, '744.498', '0.70264923', 107),
(6065, '753', '0.700919811', 107),
(6066, '761.502', '0.6987242', 107),
(6067, '769.998', '0.70159553', 107),
(6068, '778.5', '0.698535893', 107),
(6069, '787.002', '0.696473897', 107),
(6070, '795.498', '0.702622108', 107),
(6071, '804', '0.69972048', 107),
(6072, '812.502', '0.697766503', 107),
(6073, '820.998', '0.696620924', 107),
(6074, '829.5', '0.697303022', 107),
(6075, '838.002', '0.700464904', 107),
(6076, '846.498', '0.699249595', 107),
(6077, '855', '0.702459073', 107),
(6078, '863.502', '0.703814109', 107),
(6079, '871.998', '0.704076995', 107),
(6080, '880.5', '0.699158098', 107),
(6081, '889.002', '0.697573723', 107),
(6082, '897.498', '0.699291319', 107),
(6083, '906', '0.69858156', 107),
(6084, '914.502', '0.69539055', 107),
(6085, '922.998', '0.706733086', 107),
(6086, '931.5', '0.704146967', 107),
(6087, '940.002', '0.707016236', 107),
(6088, '948.498', '0.699235805', 107),
(6089, '957', '0.703887169', 107),
(6090, '965.502', '0.706463904', 107),
(6091, '973.998', '0.708114822', 107),
(6092, '982.5', '0.703711415', 107),
(6093, '991.002', '0.702907982', 107),
(6094, '999.498', '0.70596041', 107),
(6095, '1008', '0.703833811', 107),
(6096, '1016.502', '0.706257477', 107),
(6097, '1024.998', '0.705270181', 107),
(6098, '1033.5', '0.683205425', 107),
(6099, '1042.002', '0.702063019', 107),
(6100, '1050.498', '0.706814817', 107),
(6101, '1059', '0.711515272', 107),
(6102, '1067.502', '0.706231964', 107),
(6103, '1075.998', '0.707270542', 107),
(6104, '1084.5', '0.708922239', 107),
(6105, '1093.002', '0.709528541', 107),
(6106, '1101.498', '0.709646926', 107),
(6107, '1110', '0.705532405', 107),
(6108, '1118.502', '0.704148109', 107),
(6109, '1126.998', '0.69923818', 107),
(6110, '1135.5', '0.708383786', 107),
(6111, '1144.002', '0.706324115', 107),
(6112, '1152.498', '0.708767296', 107),
(6113, '1161', '0.704692772', 107),
(6114, '1169.502', '0.702837202', 107),
(6115, '1177.998', '0.701461343', 107),
(6116, '1186.5', '0.704808251', 107),
(6117, '1195.002', '0.708418414', 107),
(6118, '240', '0.472084753', 108),
(6119, '250.2', '0.468222184', 108),
(6120, '260.4', '0.480199151', 108),
(6121, '270.6', '0.46714202', 108),
(6122, '280.8', '0.474719288', 108),
(6123, '291', '0.569634117', 108),
(6124, '301.2', '0.504220654', 108),
(6125, '311.4', '0.48700622', 108),
(6126, '321.6', '0.483225121', 108),
(6127, '331.8', '0.478259415', 108),
(6128, '342', '0.486078162', 108),
(6129, '352.2', '0.491551422', 108),
(6130, '362.4', '0.510289546', 108),
(6131, '372.6', '0.499639521', 108),
(6132, '382.8', '0.513499155', 108),
(6133, '393', '0.502137069', 108),
(6134, '403.2', '0.503478933', 108),
(6135, '413.4', '0.513763703', 108),
(6136, '423.6', '0.509436719', 108),
(6137, '433.8', '0.515218987', 108),
(6138, '444', '0.509941114', 108),
(6139, '454.2', '0.52122653', 108),
(6140, '464.4', '0.512866784', 108),
(6141, '474.6', '0.517885414', 108),
(6142, '484.8', '0.520594429', 108),
(6143, '495', '0.518201628', 108),
(6144, '505.2', '0.526727937', 108),
(6145, '515.4', '0.524609306', 108),
(6146, '525.6', '0.524496292', 108),
(6147, '535.8', '0.53148848', 108),
(6148, '546', '0.535281459', 108),
(6149, '556.2', '0.529620192', 108),
(6150, '566.4', '0.525388248', 108),
(6151, '576.6', '0.532876845', 108),
(6152, '586.8', '0.532403041', 108),
(6153, '597', '0.536268425', 108),
(6154, '600', '0.540597171', 108),
(6155, '608.502', '0.548703352', 108),
(6156, '616.998', '0.531837851', 108),
(6157, '625.5', '0.534184018', 108),
(6158, '634.002', '0.529049892', 108),
(6159, '642.498', '0.53227718', 108),
(6160, '651', '0.537302883', 108),
(6161, '659.502', '0.543630708', 108),
(6162, '667.998', '0.533196575', 108),
(6163, '676.5', '0.529143006', 108),
(6164, '685.002', '0.541563746', 108),
(6165, '693.498', '0.533877768', 108),
(6166, '702', '0.54378163', 108),
(6167, '710.502', '0.539340625', 108),
(6168, '718.998', '0.534797118', 108),
(6169, '727.5', '0.535237245', 108),
(6170, '736.002', '0.535251426', 108),
(6171, '744.498', '0.542633837', 108),
(6172, '753', '0.548342389', 108),
(6173, '761.502', '0.533428302', 108),
(6174, '769.998', '0.531409031', 108),
(6175, '778.5', '0.545627225', 108),
(6176, '787.002', '0.546284286', 108),
(6177, '795.498', '0.537319906', 108),
(6178, '804', '0.546408666', 108),
(6179, '812.502', '0.543437068', 108),
(6180, '820.998', '0.543681779', 108),
(6181, '829.5', '0.538750756', 108),
(6182, '838.002', '0.537280431', 108),
(6183, '846.498', '0.542062107', 108),
(6184, '855', '0.541025144', 108),
(6185, '863.502', '0.537068938', 108),
(6186, '871.998', '0.541668686', 108),
(6187, '880.5', '0.541033263', 108),
(6188, '889.002', '0.53851834', 108),
(6189, '897.498', '0.538244481', 108),
(6190, '906', '0.537896968', 108),
(6191, '914.502', '0.535575142', 108),
(6192, '922.998', '0.538732703', 108),
(6193, '931.5', '0.534149003', 108),
(6194, '940.002', '0.538328239', 108),
(6195, '948.498', '0.535864155', 108),
(6196, '957', '0.535821077', 108),
(6197, '965.502', '0.551914509', 108),
(6198, '973.998', '0.54671169', 108),
(6199, '982.5', '0.544370752', 108),
(6200, '991.002', '0.53475909', 108),
(6201, '999.498', '0.538134612', 108),
(6202, '1008', '0.539591099', 108),
(6203, '1016.502', '0.539076046', 108),
(6204, '1024.998', '0.542517753', 108),
(6205, '1033.5', '0.535203708', 108),
(6206, '1042.002', '0.535582176', 108),
(6207, '1050.498', '0.536250368', 108),
(6208, '1059', '0.538284877', 108),
(6209, '1067.502', '0.547634489', 108),
(6210, '1075.998', '0.548139032', 108),
(6211, '1084.5', '0.546218625', 108),
(6212, '1093.002', '0.546799352', 108),
(6213, '1101.498', '0.555496467', 108),
(6214, '1110', '0.535573189', 108),
(6215, '1118.502', '0.540282437', 108),
(6216, '1126.998', '0.545081736', 108),
(6217, '1135.5', '0.535365794', 108),
(6218, '1144.002', '0.535538584', 108),
(6219, '1152.498', '0.531696054', 108),
(6220, '1161', '0.539518733', 108),
(6221, '1169.502', '0.534794494', 108),
(6222, '1177.998', '0.548109266', 108),
(6223, '1186.5', '0.532814475', 108),
(6224, '1195.002', '0.545539721', 108),
(6225, '240', '0.46133994', 109),
(6226, '250.2', '0.466065458', 109),
(6227, '260.4', '0.472124406', 109),
(6228, '270.6', '0.472015755', 109),
(6229, '280.8', '0.47282579', 109),
(6230, '291', '0.491957717', 109),
(6231, '301.2', '0.488395829', 109),
(6232, '311.4', '0.492418258', 109),
(6233, '321.6', '0.496751671', 109),
(6234, '331.8', '0.499752002', 109),
(6235, '342', '0.494366507', 109),
(6236, '352.2', '0.502325508', 109),
(6237, '362.4', '0.499403223', 109),
(6238, '372.6', '0.509994066', 109),
(6239, '382.8', '0.510441053', 109),
(6240, '393', '0.514952863', 109),
(6241, '403.2', '0.516643084', 109),
(6242, '413.4', '0.527370687', 109),
(6243, '423.6', '0.523776229', 109),
(6244, '433.8', '0.531108268', 109),
(6245, '444', '0.527965505', 109),
(6246, '454.2', '0.525504152', 109),
(6247, '464.4', '0.539913404', 109),
(6248, '474.6', '0.53919402', 109),
(6249, '484.8', '0.539901396', 109),
(6250, '495', '0.550381214', 109),
(6251, '505.2', '0.539117055', 109),
(6252, '515.4', '0.536564978', 109),
(6253, '525.6', '0.54470721', 109),
(6254, '535.8', '0.53976257', 109),
(6255, '546', '0.556450214', 109),
(6256, '556.2', '0.548673848', 109),
(6257, '566.4', '0.554929662', 109),
(6258, '576.6', '0.549718828', 109),
(6259, '586.8', '0.557020384', 109),
(6260, '597', '0.547710753', 109),
(6261, '600', '0.577752452', 109),
(6262, '608.502', '0.570020525', 109),
(6263, '616.998', '0.578617352', 109),
(6264, '625.5', '0.579190359', 109),
(6265, '634.002', '0.57925541', 109),
(6266, '642.498', '0.572979421', 109),
(6267, '651', '0.586549825', 109),
(6268, '659.502', '0.578608072', 109),
(6269, '667.998', '0.583797513', 109),
(6270, '676.5', '0.581949824', 109),
(6271, '685.002', '0.578369112', 109),
(6272, '693.498', '0.571728103', 109),
(6273, '702', '0.584406929', 109),
(6274, '710.502', '0.579244447', 109),
(6275, '718.998', '0.587023883', 109),
(6276, '727.5', '0.579427202', 109),
(6277, '736.002', '0.579657727', 109),
(6278, '744.498', '0.572858222', 109),
(6279, '753', '0.588765021', 109),
(6280, '761.502', '0.581589895', 109),
(6281, '769.998', '0.583629544', 109),
(6282, '778.5', '0.583018094', 109),
(6283, '787.002', '0.580844528', 109),
(6284, '795.498', '0.575799118', 109),
(6285, '804', '0.589293464', 109),
(6286, '812.502', '0.586510943', 109),
(6287, '820.998', '0.588369329', 109),
(6288, '829.5', '0.587204038', 109),
(6289, '838.002', '0.587089819', 109),
(6290, '846.498', '0.597369953', 109),
(6291, '855', '0.591383678', 109),
(6292, '863.502', '0.58251007', 109),
(6293, '871.998', '0.588609517', 109),
(6294, '880.5', '0.587883972', 109),
(6295, '889.002', '0.600371195', 109),
(6296, '897.498', '0.591475836', 109),
(6297, '906', '0.588513624', 109),
(6298, '914.502', '0.592985785', 109),
(6299, '922.998', '0.58485722', 109),
(6300, '931.5', '0.58207939', 109),
(6301, '940.002', '0.591417896', 109),
(6302, '948.498', '0.589755034', 109),
(6303, '957', '0.590486672', 109),
(6304, '965.502', '0.592761051', 109),
(6305, '973.998', '0.589803798', 109),
(6306, '982.5', '0.586864247', 109),
(6307, '991.002', '0.592489759', 109),
(6308, '999.498', '0.589911347', 109),
(6309, '1008', '0.5936', 109),
(6310, '1016.502', '0.586324246', 109),
(6311, '1024.998', '0.595219409', 109),
(6312, '1033.5', '0.599876412', 109),
(6313, '1042.002', '0.59580485', 109),
(6314, '1050.498', '0.573619213', 109),
(6315, '1059', '0.593655646', 109),
(6316, '1067.502', '0.596341763', 109),
(6317, '1075.998', '0.588573814', 109),
(6318, '1084.5', '0.5948319', 109),
(6319, '1093.002', '0.597639485', 109),
(6320, '1101.498', '0.598463357', 109),
(6321, '1110', '0.58829545', 109),
(6322, '1118.502', '0.596628475', 109),
(6323, '1126.998', '0.592984343', 109),
(6324, '1135.5', '0.593742852', 109),
(6325, '1144.002', '0.599505046', 109),
(6326, '1152.498', '0.597992212', 109),
(6327, '1161', '0.602302816', 109),
(6328, '1169.502', '0.590383895', 109),
(6329, '1177.998', '0.593293877', 109),
(6330, '1186.5', '0.600211253', 109),
(6331, '1195.002', '0.594011173', 109),
(6332, '240', '0.540637162', 110),
(6333, '250.2', '0.533699375', 110),
(6334, '260.4', '0.541687987', 110),
(6335, '270.6', '0.538914637', 110),
(6336, '280.8', '0.539622926', 110),
(6337, '291', '0.548364042', 110),
(6338, '301.2', '0.542522261', 110),
(6339, '311.4', '0.546381775', 110),
(6340, '321.6', '0.548705487', 110),
(6341, '331.8', '0.55702514', 110),
(6342, '342', '0.565017009', 110),
(6343, '352.2', '0.558422143', 110),
(6344, '362.4', '0.553096714', 110),
(6345, '372.6', '0.564674752', 110),
(6346, '382.8', '0.563000235', 110),
(6347, '393', '0.578880042', 110),
(6348, '403.2', '0.567225687', 110),
(6349, '413.4', '0.575216307', 110),
(6350, '423.6', '0.575735473', 110),
(6351, '433.8', '0.584633173', 110),
(6352, '444', '0.588069945', 110),
(6353, '454.2', '0.593659599', 110),
(6354, '464.4', '0.603684116', 110),
(6355, '474.6', '0.597372572', 110),
(6356, '484.8', '0.600654497', 110),
(6357, '495', '0.604433997', 110),
(6358, '505.2', '0.595400402', 110),
(6359, '515.4', '0.573509442', 110),
(6360, '525.6', '0.502658887', 110),
(6361, '535.8', '0.606882935', 110),
(6362, '546', '0.614451901', 110),
(6363, '556.2', '0.615245556', 110),
(6364, '566.4', '0.611731661', 110),
(6365, '576.6', '0.624295303', 110),
(6366, '586.8', '0.612962564', 110),
(6367, '597', '0.618017635', 110),
(6368, '600', '0.632233194', 110),
(6369, '608.502', '0.643763503', 110),
(6370, '616.998', '0.635814243', 110),
(6371, '625.5', '0.605554916', 110),
(6372, '634.002', '0.640798044', 110),
(6373, '642.498', '0.644839113', 110),
(6374, '651', '0.639292671', 110),
(6375, '659.502', '0.646196923', 110),
(6376, '667.998', '0.644730021', 110),
(6377, '676.5', '0.633225593', 110),
(6378, '685.002', '0.643537751', 110),
(6379, '693.498', '0.636040779', 110),
(6380, '702', '0.634543684', 110),
(6381, '710.502', '0.644211032', 110),
(6382, '718.998', '0.652437141', 110),
(6383, '727.5', '0.64819247', 110),
(6384, '736.002', '0.646908099', 110),
(6385, '744.498', '0.642795971', 110),
(6386, '753', '0.647303726', 110),
(6387, '761.502', '0.654408375', 110),
(6388, '769.998', '0.653355586', 110),
(6389, '778.5', '0.643898591', 110),
(6390, '787.002', '0.64756581', 110),
(6391, '795.498', '0.647563659', 110),
(6392, '804', '0.648278982', 110),
(6393, '812.502', '0.644462012', 110),
(6394, '820.998', '0.646361681', 110),
(6395, '829.5', '0.648374569', 110),
(6396, '838.002', '0.642541863', 110),
(6397, '846.498', '0.651236274', 110),
(6398, '855', '0.629049462', 110),
(6399, '863.502', '0.654396893', 110),
(6400, '871.998', '0.646953708', 110),
(6401, '880.5', '0.651071414', 110),
(6402, '889.002', '0.647625816', 110),
(6403, '897.498', '0.643111766', 110),
(6404, '906', '0.651502312', 110),
(6405, '914.502', '0.651559555', 110),
(6406, '922.998', '0.650258213', 110),
(6407, '931.5', '0.65416347', 110),
(6408, '940.002', '0.652059895', 110),
(6409, '948.498', '0.652680492', 110),
(6410, '957', '0.660842185', 110),
(6411, '965.502', '0.657220138', 110),
(6412, '973.998', '0.659390967', 110),
(6413, '982.5', '0.65368427', 110),
(6414, '991.002', '0.651554672', 110),
(6415, '999.498', '0.657215439', 110),
(6416, '1008', '0.651239546', 110),
(6417, '1016.502', '0.651429873', 110),
(6418, '1024.998', '0.643677688', 110),
(6419, '1033.5', '0.646777587', 110),
(6420, '1042.002', '0.660296642', 110),
(6421, '1050.498', '0.650394195', 110),
(6422, '1059', '0.659759698', 110),
(6423, '1067.502', '0.658943504', 110),
(6424, '1075.998', '0.653656605', 110),
(6425, '1084.5', '0.648611762', 110),
(6426, '1093.002', '0.654979187', 110),
(6427, '1101.498', '0.660027523', 110),
(6428, '1110', '0.664084604', 110),
(6429, '1118.502', '0.656195606', 110),
(6430, '1126.998', '0.668459517', 110),
(6431, '1135.5', '0.657721588', 110),
(6432, '1144.002', '0.662134104', 110),
(6433, '1152.498', '0.652934658', 110),
(6434, '1161', '0.652671756', 110),
(6435, '1169.502', '0.659533274', 110),
(6436, '1177.998', '0.655238405', 110),
(6437, '1186.5', '0.653504429', 110),
(6438, '1195.002', '0.657675029', 110),
(6439, '240', '0.239639746', 111),
(6440, '250.2', '0.246612891', 111),
(6441, '260.4', '0.245259141', 111),
(6442, '270.6', '0.245454725', 111),
(6443, '280.8', '0.255482818', 111),
(6444, '291', '0.261060822', 111),
(6445, '301.2', '0.271364376', 111),
(6446, '311.4', '0.27127135', 111),
(6447, '321.6', '0.279051121', 111),
(6448, '331.8', '0.274986535', 111),
(6449, '342', '0.269514571', 111),
(6450, '352.2', '0.187658995', 111),
(6451, '362.4', '0.30510514', 111),
(6452, '372.6', '0.314869932', 111),
(6453, '382.8', '0.337129536', 111),
(6454, '393', '0.328292291', 111),
(6455, '403.2', '0.331075311', 111),
(6456, '413.4', '0.342675013', 111),
(6457, '423.6', '0.356415669', 111),
(6458, '433.8', '0.351377578', 111),
(6459, '444', '0.356098485', 111),
(6460, '454.2', '0.360367667', 111),
(6461, '464.4', '0.358059693', 111),
(6462, '474.6', '0.358098727', 111),
(6463, '484.8', '0.364243295', 111),
(6464, '495', '0.390555819', 111),
(6465, '505.2', '0.381396648', 111),
(6466, '515.4', '0.394673677', 111),
(6467, '525.6', '0.393230548', 111),
(6468, '535.8', '0.39029975', 111),
(6469, '546', '0.379371206', 111),
(6470, '556.2', '0.38610574', 111),
(6471, '566.4', '0.38871963', 111),
(6472, '576.6', '0.389577742', 111),
(6473, '586.8', '0.398322731', 111),
(6474, '597', '0.393223278', 111),
(6475, '600', '0.433644646', 111),
(6476, '608.502', '0.449623947', 111),
(6477, '616.998', '0.433048596', 111),
(6478, '625.5', '0.448065442', 111),
(6479, '634.002', '0.442222264', 111),
(6480, '642.498', '0.442257985', 111),
(6481, '651', '0.453556138', 111),
(6482, '659.502', '0.44488482', 111),
(6483, '667.998', '0.435479587', 111),
(6484, '676.5', '0.44939399', 111),
(6485, '685.002', '0.440884966', 111),
(6486, '693.498', '0.436517872', 111),
(6487, '702', '0.44828501', 111),
(6488, '710.502', '0.451682444', 111),
(6489, '718.998', '0.447669789', 111),
(6490, '727.5', '0.443047533', 111),
(6491, '736.002', '0.453716782', 111),
(6492, '744.498', '0.203447862', 111),
(6493, '753', '0.446363121', 111),
(6494, '761.502', '0.452614379', 111),
(6495, '769.998', '0.446228324', 111),
(6496, '778.5', '0.451230438', 111),
(6497, '787.002', '0.462786152', 111),
(6498, '795.498', '0.456702771', 111),
(6499, '804', '0.45287765', 111),
(6500, '812.502', '0.455619055', 111),
(6501, '820.998', '0.462267269', 111),
(6502, '829.5', '0.463361099', 111),
(6503, '838.002', '0.458412421', 111),
(6504, '846.498', '0.456730769', 111),
(6505, '855', '0.455080834', 111),
(6506, '863.502', '0.454777141', 111),
(6507, '871.998', '0.461599307', 111),
(6508, '880.5', '0.460062379', 111),
(6509, '889.002', '0.454057906', 111),
(6510, '897.498', '0.458040004', 111),
(6511, '906', '0.468091883', 111),
(6512, '914.502', '0.466511706', 111),
(6513, '922.998', '0.472358461', 111),
(6514, '931.5', '0.465439512', 111),
(6515, '940.002', '0.460915884', 111),
(6516, '948.498', '0.461488055', 111),
(6517, '957', '0.474788363', 111),
(6518, '965.502', '0.464120349', 111),
(6519, '973.998', '0.465067856', 111),
(6520, '982.5', '0.456231482', 111),
(6521, '991.002', '0.464542999', 111),
(6522, '999.498', '0.470812936', 111),
(6523, '1008', '0.46517874', 111),
(6524, '1016.502', '0.465679224', 111),
(6525, '1024.998', '0.463950561', 111),
(6526, '1033.5', '0.410964841', 111),
(6527, '1042.002', '0.477042627', 111),
(6528, '1050.498', '0.466146078', 111),
(6529, '1059', '0.468196697', 111),
(6530, '1067.502', '0.470532625', 111),
(6531, '1075.998', '0.473721171', 111),
(6532, '1084.5', '0.475660536', 111),
(6533, '1093.002', '0.474692717', 111),
(6534, '1101.498', '0.465896795', 111),
(6535, '1110', '0.466071295', 111),
(6536, '1118.502', '0.473302694', 111),
(6537, '1126.998', '0.478421357', 111),
(6538, '1135.5', '0.46274241', 111),
(6539, '1144.002', '0.469762665', 111),
(6540, '1152.498', '0.463653817', 111),
(6541, '1161', '0.465813007', 111),
(6542, '1169.502', '0.470756576', 111),
(6543, '1177.998', '0.472473264', 111),
(6544, '1186.5', '0.479022109', 111),
(6545, '1195.002', '0.460382122', 111),
(6653, '240', '0.432393416', 113),
(6654, '250.2', '0.443477057', 113),
(6655, '260.4', '0.441360914', 113),
(6656, '270.6', '0.43328827', 113),
(6657, '280.8', '0.448254903', 113),
(6658, '291', '0.445033216', 113),
(6659, '301.2', '0.440250171', 113),
(6660, '311.4', '0.441218264', 113),
(6661, '321.6', '0.44892363', 113),
(6662, '331.8', '0.447269616', 113),
(6663, '342', '0.454731538', 113),
(6664, '352.2', '0.457881465', 113),
(6665, '362.4', '0.453605016', 113),
(6666, '372.6', '0.459974488', 113),
(6667, '382.8', '0.455897085', 113),
(6668, '393', '0.459165472', 113),
(6669, '403.2', '0.439480657', 113),
(6670, '413.4', '0.472041095', 113),
(6671, '423.6', '0.46933695', 113),
(6672, '433.8', '0.516692055', 113),
(6673, '444', '0.466987153', 113),
(6674, '454.2', '0.427741573', 113),
(6675, '464.4', '0.47620447', 113),
(6676, '474.6', '0.47682362', 113),
(6677, '484.8', '0.463496711', 113),
(6678, '495', '0.478326646', 113),
(6679, '505.2', '0.470254671', 113),
(6680, '515.4', '0.483000477', 113),
(6681, '525.6', '0.484926108', 113),
(6682, '535.8', '0.492067998', 113),
(6683, '546', '0.482813071', 113),
(6684, '556.2', '0.484830359', 113),
(6685, '566.4', '0.488699332', 113),
(6686, '576.6', '0.479543627', 113),
(6687, '586.8', '0.491043065', 113),
(6688, '597', '0.495691923', 113),
(6689, '600', '0.519846882', 113),
(6690, '608.502', '0.526806456', 113),
(6691, '616.998', '0.529317084', 113),
(6692, '625.5', '0.524897681', 113),
(6693, '634.002', '0.525089936', 113),
(6694, '642.498', '0.519721471', 113),
(6695, '651', '0.530226968', 113),
(6696, '659.502', '0.524934956', 113),
(6697, '667.998', '0.472280129', 113),
(6698, '676.5', '0.523649895', 113),
(6699, '685.002', '0.523691775', 113),
(6700, '693.498', '0.519196585', 113),
(6701, '702', '0.535744629', 113),
(6702, '710.502', '0.535046404', 113),
(6703, '718.998', '0.524358029', 113),
(6704, '727.5', '0.538162149', 113),
(6705, '736.002', '0.535023055', 113),
(6706, '744.498', '0.530572714', 113),
(6707, '753', '0.531646551', 113),
(6708, '761.502', '0.539016077', 113),
(6709, '769.998', '0.539988156', 113),
(6710, '778.5', '0.536156865', 113),
(6711, '787.002', '0.533602109', 113),
(6712, '795.498', '0.536651322', 113),
(6713, '804', '0.533962381', 113),
(6714, '812.502', '0.541525924', 113),
(6715, '820.998', '0.537068681', 113),
(6716, '829.5', '0.542141647', 113),
(6717, '838.002', '0.535842046', 113),
(6718, '846.498', '0.541654081', 113),
(6719, '855', '0.535466262', 113),
(6720, '863.502', '0.543378084', 113),
(6721, '871.998', '0.540666493', 113),
(6722, '880.5', '0.536325282', 113),
(6723, '889.002', '0.536081204', 113),
(6724, '897.498', '0.546029421', 113),
(6725, '906', '0.541335866', 113),
(6726, '914.502', '0.550222398', 113),
(6727, '922.998', '0.546327997', 113),
(6728, '931.5', '0.536914798', 113),
(6729, '940.002', '0.547528109', 113),
(6730, '948.498', '0.543797134', 113),
(6731, '957', '0.546048364', 113),
(6732, '965.502', '0.524334701', 113),
(6733, '973.998', '0.538513266', 113),
(6734, '982.5', '0.550885724', 113),
(6735, '991.002', '0.545033548', 113),
(6736, '999.498', '0.545051152', 113),
(6737, '1008', '0.506349886', 113),
(6738, '1016.502', '0.543588095', 113),
(6739, '1024.998', '0.556136869', 113),
(6740, '1033.5', '0.54974228', 113),
(6741, '1042.002', '0.555831917', 113),
(6742, '1050.498', '0.553900806', 113),
(6743, '1059', '0.549353478', 113),
(6744, '1067.502', '0.548974908', 113),
(6745, '1075.998', '0.547414452', 113),
(6746, '1084.5', '0.547964831', 113),
(6747, '1093.002', '0.551711503', 113),
(6748, '1101.498', '0.550515277', 113),
(6749, '1110', '0.552418982', 113),
(6750, '1118.502', '0.546792003', 113),
(6751, '1126.998', '0.547533093', 113),
(6752, '1135.5', '0.557038025', 113),
(6753, '1144.002', '0.550454566', 113),
(6754, '1152.498', '0.55221177', 113),
(6755, '1161', '0.552409867', 113),
(6756, '1169.502', '0.555216932', 113),
(6757, '1177.998', '0.552475521', 113),
(6758, '1186.5', '0.532639257', 113),
(6759, '1195.002', '0.550287532', 113),
(6760, '240', '0.3873261', 112),
(6761, '250.2', '0.39144658', 112),
(6762, '260.4', '0.353769967', 112),
(6763, '270.6', '0.391815681', 112),
(6764, '280.8', '0.404123817', 112),
(6765, '291', '0.408519256', 112),
(6766, '301.2', '0.400673971', 112),
(6767, '311.4', '0.410125462', 112),
(6768, '321.6', '0.408612165', 112),
(6769, '331.8', '0.407919823', 112),
(6770, '342', '0.409491352', 112),
(6771, '352.2', '0.404979675', 112),
(6772, '362.4', '0.422218499', 112),
(6773, '372.6', '0.41708325', 112),
(6774, '382.8', '0.421543925', 112),
(6775, '393', '0.420951343', 112),
(6776, '403.2', '0.417143831', 112),
(6777, '413.4', '0.42127832', 112),
(6778, '423.6', '0.433927196', 112),
(6779, '433.8', '0.434200928', 112),
(6780, '444', '0.437762191', 112),
(6781, '454.2', '0.449784697', 112),
(6782, '464.4', '0.44826379', 112),
(6783, '474.6', '0.450212372', 112),
(6784, '484.8', '0.455341332', 112),
(6785, '495', '0.4652261', 112),
(6786, '505.2', '0.458092823', 112),
(6787, '515.4', '0.457151896', 112),
(6788, '525.6', '0.465355975', 112),
(6789, '535.8', '0.469881308', 112),
(6790, '546', '0.466441237', 112),
(6791, '556.2', '0.466821581', 112),
(6792, '566.4', '0.471998027', 112),
(6793, '576.6', '0.465741789', 112),
(6794, '586.8', '0.474868207', 112),
(6795, '597', '0.480072316', 112),
(6796, '600', '0.486510806', 112),
(6797, '608.502', '0.494654752', 112),
(6798, '616.998', '0.486791323', 112),
(6799, '625.5', '0.491899998', 112),
(6800, '634.002', '0.492043682', 112),
(6801, '642.498', '0.440747531', 112),
(6802, '651', '0.496863237', 112),
(6803, '659.502', '0.497999708', 112),
(6804, '667.998', '0.488915411', 112),
(6805, '676.5', '0.494382207', 112),
(6806, '685.002', '0.496699616', 112),
(6807, '693.498', '0.4931889', 112),
(6808, '702', '0.494272604', 112),
(6809, '710.502', '0.497924837', 112),
(6810, '718.998', '0.486748885', 112),
(6811, '727.5', '0.498161521', 112),
(6812, '736.002', '0.494142599', 112),
(6813, '744.498', '0.499901442', 112),
(6814, '753', '0.49812139', 112),
(6815, '761.502', '0.502099022', 112),
(6816, '769.998', '0.505302496', 112),
(6817, '778.5', '0.506205322', 112),
(6818, '787.002', '0.493835571', 112),
(6819, '795.498', '0.499705247', 112),
(6820, '804', '0.499232202', 112),
(6821, '812.502', '0.503188141', 112),
(6822, '820.998', '0.513078536', 112),
(6823, '829.5', '0.500847852', 112),
(6824, '838.002', '0.351240155', 112),
(6825, '846.498', '0.513728663', 112),
(6826, '855', '0.515225041', 112),
(6827, '863.502', '0.512812515', 112),
(6828, '871.998', '0.512458023', 112),
(6829, '880.5', '0.505428917', 112),
(6830, '889.002', '0.519802713', 112),
(6831, '897.498', '0.517378512', 112),
(6832, '906', '0.507974508', 112),
(6833, '914.502', '0.507249506', 112),
(6834, '922.998', '0.525071248', 112),
(6835, '931.5', '0.506667752', 112),
(6836, '940.002', '0.513883693', 112),
(6837, '948.498', '0.520414302', 112),
(6838, '957', '0.510921666', 112),
(6839, '965.502', '0.505512427', 112),
(6840, '973.998', '0.507331235', 112),
(6841, '982.5', '0.518898258', 112),
(6842, '991.002', '0.524819214', 112),
(6843, '999.498', '0.515180219', 112),
(6844, '1008', '0.508090943', 112),
(6845, '1016.502', '0.525799298', 112),
(6846, '1024.998', '0.515332086', 112),
(6847, '1033.5', '0.514309585', 112),
(6848, '1042.002', '0.517050631', 112),
(6849, '1050.498', '0.523986382', 112),
(6850, '1059', '0.510016667', 112),
(6851, '1067.502', '0.515080668', 112),
(6852, '1075.998', '0.513833992', 112),
(6853, '1084.5', '0.519385339', 112),
(6854, '1093.002', '0.530218441', 112),
(6855, '1101.498', '0.532031641', 112),
(6856, '1110', '0.522324769', 112),
(6857, '1118.502', '0.525497094', 112),
(6858, '1126.998', '0.526680653', 112),
(6859, '1135.5', '0.521473983', 112),
(6860, '1144.002', '0.533668648', 112),
(6861, '1152.498', '0.534181144', 112),
(6862, '1161', '0.521161127', 112),
(6863, '1169.502', '0.522138863', 112),
(6864, '1177.998', '0.52950888', 112),
(6865, '1186.5', '0.472395787', 112),
(6866, '1195.002', '0.528651195', 112),
(6867, '240', '0.41994509', 115),
(6868, '250.2', '0.420471185', 115),
(6869, '260.4', '0.447446378', 115),
(6870, '270.6', '0.43700478', 115),
(6871, '280.8', '0.435974416', 115),
(6872, '291', '0.440973832', 115),
(6873, '301.2', '0.436788369', 115),
(6874, '311.4', '0.449363595', 115),
(6875, '321.6', '0.440547391', 115),
(6876, '331.8', '0.43889435', 115),
(6877, '342', '0.441442028', 115),
(6878, '352.2', '0.44420362', 115),
(6879, '362.4', '0.450041748', 115),
(6880, '372.6', '0.464547677', 115),
(6881, '382.8', '0.459433135', 115),
(6882, '393', '0.457835116', 115),
(6883, '403.2', '0.457177041', 115),
(6884, '413.4', '0.462245339', 115),
(6885, '423.6', '0.460387466', 115),
(6886, '433.8', '0.473548493', 115),
(6887, '444', '0.480344061', 115),
(6888, '454.2', '0.476162583', 115),
(6889, '464.4', '0.478642826', 115),
(6890, '474.6', '0.473133713', 115),
(6891, '484.8', '0.479822835', 115),
(6892, '495', '0.468463133', 115),
(6893, '505.2', '0.491503079', 115),
(6894, '515.4', '0.474678045', 115),
(6895, '525.6', '0.48936377', 115),
(6896, '535.8', '0.492971067', 115),
(6897, '546', '0.510210604', 115),
(6898, '556.2', '0.491817003', 115),
(6899, '566.4', '0.487672203', 115),
(6900, '576.6', '0.506873671', 115),
(6901, '586.8', '0.505327124', 115),
(6902, '597', '0.50247125', 115),
(6903, '600', '0.512554975', 115),
(6904, '608.502', '0.487988472', 115),
(6905, '616.998', '0.514536094', 115),
(6906, '625.5', '0.509358092', 115),
(6907, '634.002', '0.522512099', 115),
(6908, '642.498', '0.512322679', 115),
(6909, '651', '0.522256953', 115),
(6910, '659.502', '0.512504316', 115),
(6911, '667.998', '0.523401232', 115),
(6912, '676.5', '0.52166438', 115),
(6913, '685.002', '0.511987946', 115),
(6914, '693.498', '0.520946911', 115),
(6915, '702', '0.522836402', 115),
(6916, '710.502', '0.519911468', 115),
(6917, '718.998', '0.518661749', 115),
(6918, '727.5', '0.52073793', 115),
(6919, '736.002', '0.524694215', 115),
(6920, '744.498', '0.524121834', 115),
(6921, '753', '0.531185901', 115),
(6922, '761.502', '0.525586425', 115),
(6923, '769.998', '0.527089163', 115),
(6924, '778.5', '0.52329755', 115),
(6925, '787.002', '0.470328142', 115),
(6926, '795.498', '0.532513781', 115),
(6927, '804', '0.527583425', 115),
(6928, '812.502', '0.526630221', 115),
(6929, '820.998', '0.53093367', 115),
(6930, '829.5', '0.531926555', 115),
(6931, '838.002', '0.530209032', 115),
(6932, '846.498', '0.525642886', 115),
(6933, '855', '0.528037306', 115),
(6934, '863.502', '0.520269828', 115),
(6935, '871.998', '0.529458898', 115),
(6936, '880.5', '0.523760892', 115),
(6937, '889.002', '0.528350386', 115),
(6938, '897.498', '0.52884976', 115),
(6939, '906', '0.524365921', 115),
(6940, '914.502', '0.532160582', 115),
(6941, '922.998', '0.535038605', 115),
(6942, '931.5', '0.528798446', 115),
(6943, '940.002', '0.539766892', 115),
(6944, '948.498', '0.526911668', 115),
(6945, '957', '0.530974899', 115),
(6946, '965.502', '0.52888274', 115),
(6947, '973.998', '0.532574957', 115),
(6948, '982.5', '0.529423303', 115),
(6949, '991.002', '0.526775358', 115),
(6950, '999.498', '0.526931168', 115),
(6951, '1008', '0.529106892', 115),
(6952, '1016.502', '0.529194653', 115),
(6953, '1024.998', '0.527502313', 115),
(6954, '1033.5', '0.533397025', 115),
(6955, '1042.002', '0.536575754', 115),
(6956, '1050.498', '0.535956248', 115),
(6957, '1059', '0.545006929', 115),
(6958, '1067.502', '0.533774813', 115),
(6959, '1075.998', '0.546147954', 115),
(6960, '1084.5', '0.534151582', 115),
(6961, '1093.002', '0.534188449', 115),
(6962, '1101.498', '0.510851893', 115),
(6963, '1110', '0.543185806', 115),
(6964, '1118.502', '0.538563699', 115),
(6965, '1126.998', '0.538026141', 115),
(6966, '1135.5', '0.542038508', 115),
(6967, '1144.002', '0.541269944', 115),
(6968, '1152.498', '0.538135803', 115),
(6969, '1161', '0.536836243', 115),
(6970, '1169.502', '0.536914717', 115),
(6971, '1177.998', '0.542117509', 115),
(6972, '1186.5', '0.535688066', 115),
(6973, '1195.002', '0.536315962', 115),
(6974, '240', '0.479230513', 116),
(6975, '250.2', '0.470905607', 116),
(6976, '260.4', '0.471095165', 116),
(6977, '270.6', '0.464590209', 116),
(6978, '280.8', '0.473053484', 116),
(6979, '291', '0.477069154', 116),
(6980, '301.2', '0.460399866', 116),
(6981, '311.4', '0.456061729', 116),
(6982, '321.6', '0.461266336', 116),
(6983, '331.8', '0.458040823', 116),
(6984, '342', '0.455173722', 116),
(6985, '352.2', '0.477696964', 116),
(6986, '362.4', '0.479811924', 116),
(6987, '372.6', '0.480101437', 116),
(6988, '382.8', '0.479164195', 116),
(6989, '393', '0.473638154', 116),
(6990, '403.2', '0.477730999', 116),
(6991, '413.4', '0.480753578', 116),
(6992, '423.6', '0.479704673', 116),
(6993, '433.8', '0.484642893', 116),
(6994, '444', '0.483004358', 116),
(6995, '454.2', '0.456929333', 116),
(6996, '464.4', '0.500394275', 116),
(6997, '474.6', '0.500366703', 116),
(6998, '484.8', '0.479970745', 116),
(6999, '495', '0.509384688', 116),
(7000, '505.2', '0.508748295', 116),
(7001, '515.4', '0.509007659', 116),
(7002, '525.6', '0.502925741', 116),
(7003, '535.8', '0.499473881', 116),
(7004, '546', '0.515050956', 116),
(7005, '556.2', '0.512019749', 116),
(7006, '566.4', '0.505030147', 116),
(7007, '576.6', '0.511109621', 116),
(7008, '586.8', '0.514883293', 116),
(7009, '597', '0.510485908', 116),
(7010, '600', '0.533308613', 116),
(7011, '608.502', '0.529072138', 116),
(7012, '616.998', '0.526746877', 116),
(7013, '625.5', '0.498995871', 116),
(7014, '634.002', '0.527410425', 116),
(7015, '642.498', '0.535944369', 116),
(7016, '651', '0.536655891', 116),
(7017, '659.502', '0.531814273', 116),
(7018, '667.998', '0.531014155', 116),
(7019, '676.5', '0.530241375', 116),
(7020, '685.002', '0.537165494', 116),
(7021, '693.498', '0.53698853', 116),
(7022, '702', '0.530573711', 116),
(7023, '710.502', '0.533352247', 116),
(7024, '718.998', '0.532443184', 116),
(7025, '727.5', '0.540815828', 116),
(7026, '736.002', '0.538640965', 116),
(7027, '744.498', '0.541390647', 116),
(7028, '753', '0.536485081', 116),
(7029, '761.502', '0.539538059', 116),
(7030, '769.998', '0.547150309', 116),
(7031, '778.5', '0.53257289', 116),
(7032, '787.002', '0.537254332', 116),
(7033, '795.498', '0.532918074', 116),
(7034, '804', '0.544556086', 116),
(7035, '812.502', '0.544182956', 116),
(7036, '820.998', '0.542031496', 116),
(7037, '829.5', '0.55094806', 116),
(7038, '838.002', '0.548104339', 116),
(7039, '846.498', '0.547368421', 116),
(7040, '855', '0.547636971', 116),
(7041, '863.502', '0.5459222', 116),
(7042, '871.998', '0.539150033', 116),
(7043, '880.5', '0.550818554', 116),
(7044, '889.002', '0.543376598', 116),
(7045, '897.498', '0.553110377', 116),
(7046, '906', '0.559989064', 116),
(7047, '914.502', '0.552217107', 116),
(7048, '922.998', '0.543162484', 116),
(7049, '931.5', '0.553834487', 116),
(7050, '940.002', '0.546020693', 116),
(7051, '948.498', '0.533213504', 116),
(7052, '957', '0.552057135', 116),
(7053, '965.502', '0.547169503', 116),
(7054, '973.998', '0.547983745', 116),
(7055, '982.5', '0.552573932', 116),
(7056, '991.002', '0.556240172', 116),
(7057, '999.498', '0.53967357', 116),
(7058, '1008', '0.556540551', 116),
(7059, '1016.502', '0.560354107', 116),
(7060, '1024.998', '0.548904138', 116),
(7061, '1033.5', '0.550356615', 116),
(7062, '1042.002', '0.555745137', 116),
(7063, '1050.498', '0.544941881', 116),
(7064, '1059', '0.545395006', 116),
(7065, '1067.502', '0.553687478', 116),
(7066, '1075.998', '0.557170814', 116),
(7067, '1084.5', '0.54328987', 116),
(7068, '1093.002', '0.546571086', 116),
(7069, '1101.498', '0.553216318', 116),
(7070, '1110', '0.562434584', 116),
(7071, '1118.502', '0.551735488', 116),
(7072, '1126.998', '0.553985036', 116),
(7073, '1135.5', '0.552943273', 116),
(7074, '1144.002', '0.553562555', 116),
(7075, '1152.498', '0.553067444', 116),
(7076, '1161', '0.561084867', 116),
(7077, '1169.502', '0.553608867', 116),
(7078, '1177.998', '0.554633872', 116),
(7079, '1186.5', '0.558790341', 116),
(7080, '1195.002', '0.55024977', 116),
(7081, '240', '0.384929038', 117),
(7082, '250.2', '0.39546644', 117),
(7083, '260.4', '0.383025008', 117),
(7084, '270.6', '0.433624587', 117),
(7085, '280.8', '0.389238736', 117),
(7086, '291', '0.402082999', 117),
(7087, '301.2', '0.33657844', 117),
(7088, '311.4', '0.395625398', 117),
(7089, '321.6', '0.400815363', 117),
(7090, '331.8', '0.391084824', 117),
(7091, '342', '0.40663536', 117),
(7092, '352.2', '0.4055427', 117),
(7093, '362.4', '0.406686734', 117),
(7094, '372.6', '0.421156315', 117),
(7095, '382.8', '0.422972758', 117),
(7096, '393', '0.415128149', 117),
(7097, '403.2', '0.43326532', 117),
(7098, '413.4', '0.42856888', 117),
(7099, '423.6', '0.430952593', 117),
(7100, '433.8', '0.42508717', 117),
(7101, '444', '0.424229996', 117),
(7102, '454.2', '0.43564589', 117),
(7103, '464.4', '0.423326706', 117),
(7104, '474.6', '0.431366521', 117),
(7105, '484.8', '0.44902051', 117),
(7106, '495', '0.444263674', 117),
(7107, '505.2', '0.435801073', 117),
(7108, '515.4', '0.441680691', 117),
(7109, '525.6', '0.466979774', 117),
(7110, '535.8', '0.448541441', 117),
(7111, '546', '0.451895256', 117),
(7112, '556.2', '0.45627465', 117),
(7113, '566.4', '0.473118092', 117),
(7114, '576.6', '0.474589043', 117),
(7115, '586.8', '0.469229563', 117),
(7116, '597', '0.473475796', 117),
(7117, '600', '0.496679131', 117),
(7118, '608.502', '0.495593384', 117),
(7119, '616.998', '0.484809058', 117),
(7120, '625.5', '0.493032888', 117),
(7121, '634.002', '0.488912228', 117),
(7122, '642.498', '0.489759416', 117),
(7123, '651', '0.490833724', 117),
(7124, '659.502', '0.486784258', 117),
(7125, '667.998', '0.478793771', 117),
(7126, '676.5', '0.488658683', 117),
(7127, '685.002', '0.479635407', 117),
(7128, '693.498', '0.489751356', 117),
(7129, '702', '0.493146853', 117),
(7130, '710.502', '0.486640461', 117),
(7131, '718.998', '0.491280797', 117),
(7132, '727.5', '0.500851996', 117),
(7133, '736.002', '0.494500418', 117),
(7134, '744.498', '0.500476909', 117),
(7135, '753', '0.499948452', 117),
(7136, '761.502', '0.495835893', 117),
(7137, '769.998', '0.499957104', 117),
(7138, '778.5', '0.491082459', 117),
(7139, '787.002', '0.49830615', 117),
(7140, '795.498', '0.502653762', 117),
(7141, '804', '0.496459406', 117),
(7142, '812.502', '0.50420589', 117),
(7143, '820.998', '0.488510489', 117),
(7144, '829.5', '0.503192804', 117),
(7145, '838.002', '0.497154387', 117),
(7146, '846.498', '0.502527788', 117),
(7147, '855', '0.497992521', 117),
(7148, '863.502', '0.501088496', 117),
(7149, '871.998', '0.509845681', 117),
(7150, '880.5', '0.496907253', 117),
(7151, '889.002', '0.502336529', 117),
(7152, '897.498', '0.528128719', 117),
(7153, '906', '0.506337297', 117),
(7154, '914.502', '0.509606539', 117),
(7155, '922.998', '0.505559852', 117),
(7156, '931.5', '0.498755914', 117),
(7157, '940.002', '0.509017093', 117),
(7158, '948.498', '0.501777623', 117),
(7159, '957', '0.502280773', 117),
(7160, '965.502', '0.499677504', 117),
(7161, '973.998', '0.507888805', 117),
(7162, '982.5', '0.517459771', 117),
(7163, '991.002', '0.49320655', 117),
(7164, '999.498', '0.507659671', 117),
(7165, '1008', '0.517103486', 117),
(7166, '1016.502', '0.512497209', 117),
(7167, '1024.998', '0.502920825', 117),
(7168, '1033.5', '0.513388286', 117),
(7169, '1042.002', '0.508627888', 117),
(7170, '1050.498', '0.511679161', 117),
(7171, '1059', '0.50965915', 117),
(7172, '1067.502', '0.511672552', 117),
(7173, '1075.998', '0.503568077', 117),
(7174, '1084.5', '0.517167566', 117),
(7175, '1093.002', '0.518535555', 117),
(7176, '1101.498', '0.509025081', 117),
(7177, '1110', '0.502585638', 117),
(7178, '1118.502', '0.511576418', 117),
(7179, '1126.998', '0.508582416', 117),
(7180, '1135.5', '0.517123644', 117),
(7181, '1144.002', '0.509583643', 117),
(7182, '1152.498', '0.508751719', 117),
(7183, '1161', '0.509887154', 117),
(7184, '1169.502', '0.516088031', 117),
(7185, '1177.998', '0.510630134', 117),
(7186, '1186.5', '0.510814614', 117),
(7187, '1195.002', '0.508226691', 117),
(7297, '240', '0.582969025', 118),
(7298, '250.2', '0.553197518', 118),
(7299, '260.4', '0.542800038', 118),
(7300, '270.6', '0.534476401', 118),
(7301, '280.8', '0.527493875', 118),
(7302, '291', '0.519446483', 118),
(7303, '301.2', '0.511836961', 118),
(7304, '311.4', '0.512839752', 118),
(7305, '321.6', '0.494635985', 118),
(7306, '331.8', '0.495490738', 118),
(7307, '342', '0.500007834', 118),
(7308, '352.2', '0.500886026', 118),
(7309, '362.4', '0.504392178', 118),
(7310, '372.6', '0.508328468', 118),
(7311, '382.8', '0.504992505', 118),
(7312, '393', '0.500491233', 118),
(7313, '403.2', '0.508695584', 118),
(7314, '413.4', '0.515112203', 118),
(7315, '423.6', '0.506573735', 118),
(7316, '433.8', '0.538048984', 118),
(7317, '444', '0.504977631', 118),
(7318, '454.2', '0.51674767', 118),
(7319, '464.4', '0.513056329', 118),
(7320, '474.6', '0.519524423', 118),
(7321, '484.8', '0.516574615', 118),
(7322, '495', '0.512019446', 118),
(7323, '505.2', '0.537845214', 118),
(7324, '515.4', '0.518328767', 118),
(7325, '525.6', '0.521920273', 118),
(7326, '535.8', '0.516656387', 118),
(7327, '546', '0.527718846', 118),
(7328, '556.2', '0.527272538', 118),
(7329, '566.4', '0.525262023', 118),
(7330, '576.6', '0.519083004', 118),
(7331, '586.8', '0.530350308', 118),
(7332, '597', '0.523830707', 118),
(7333, '600', '0.532740375', 118),
(7334, '600', '0.535759228', 118),
(7335, '608.502', '0.543155948', 118),
(7336, '616.998', '0.537533758', 118),
(7337, '625.5', '0.539704539', 118),
(7338, '634.002', '0.53796199', 118),
(7339, '642.498', '0.537612574', 118),
(7340, '651', '0.540916924', 118),
(7341, '659.502', '0.541217276', 118),
(7342, '667.998', '0.536865328', 118),
(7343, '676.5', '0.537052092', 118),
(7344, '685.002', '0.536577335', 118),
(7345, '693.498', '0.550202417', 118),
(7346, '702', '0.542773601', 118),
(7347, '710.502', '0.54760621', 118),
(7348, '718.998', '0.537577098', 118),
(7349, '727.5', '0.538494226', 118),
(7350, '736.002', '0.54910876', 118),
(7351, '744.498', '0.540349655', 118),
(7352, '753', '0.546887166', 118),
(7353, '761.502', '0.53891693', 118),
(7354, '769.998', '0.551028481', 118),
(7355, '778.5', '0.548902625', 118),
(7356, '787.002', '0.542882322', 118),
(7357, '795.498', '0.545677882', 118),
(7358, '804', '0.535304322', 118),
(7359, '812.502', '0.542951657', 118),
(7360, '820.998', '0.542140166', 118),
(7361, '829.5', '0.585373266', 118),
(7362, '838.002', '0.601017063', 118),
(7363, '846.498', '0.566856566', 118),
(7364, '855', '0.568804028', 118),
(7365, '863.502', '0.570333049', 118),
(7366, '871.998', '0.555981878', 118),
(7367, '880.5', '0.564778045', 118),
(7368, '889.002', '0.574237503', 118),
(7369, '897.498', '0.572537498', 118),
(7370, '906', '0.596662031', 118),
(7371, '914.502', '0.552541477', 118),
(7372, '922.998', '0.584378181', 118),
(7373, '931.5', '0.588436414', 118),
(7374, '940.002', '0.578466846', 118),
(7375, '948.498', '0.587788954', 118),
(7376, '957', '0.625690678', 118),
(7377, '965.502', '0.626708036', 118),
(7378, '973.998', '0.623741803', 118),
(7379, '982.5', '0.621198797', 118),
(7380, '991.002', '0.624857021', 118),
(7381, '999.498', '0.617300788', 118),
(7382, '1008', '0.625208054', 118),
(7383, '1016.502', '0.624481171', 118),
(7384, '1024.998', '0.62166164', 118),
(7385, '1033.5', '0.616742297', 118),
(7386, '1042.002', '0.625461286', 118),
(7387, '1050.498', '0.619104538', 118),
(7388, '1059', '0.611369698', 118),
(7389, '1067.502', '0.627129188', 118),
(7390, '1075.998', '0.621807166', 118),
(7391, '1084.5', '0.624268237', 118),
(7392, '1093.002', '0.627334752', 118),
(7393, '1101.498', '0.623256265', 118),
(7394, '1110', '0.618989233', 118),
(7395, '1118.502', '0.626440961', 118),
(7396, '1126.998', '0.615607254', 118),
(7397, '1135.5', '0.62393597', 118),
(7398, '1144.002', '0.621671536', 118),
(7399, '1152.498', '0.627705521', 118),
(7400, '1161', '0.616279366', 118),
(7401, '1169.502', '0.622429779', 118),
(7402, '1177.998', '0.6131908', 118),
(7403, '1186.5', '0.625174755', 118),
(7404, '1195.002', '0.621455337', 118),
(7405, '1200', '0.614849107', 118),
(7406, '240', '0.740738765', 120),
(7407, '250.2', '0.731395592', 120),
(7408, '260.4', '0.731626799', 120),
(7409, '270.6', '0.726232575', 120),
(7410, '280.8', '0.732480765', 120),
(7411, '291', '0.72947907', 120),
(7412, '301.2', '0.730166316', 120),
(7413, '311.4', '0.730681979', 120),
(7414, '321.6', '0.713864196', 120),
(7415, '331.8', '0.730899706', 120),
(7416, '342', '0.726894863', 120),
(7417, '352.2', '0.730345452', 120),
(7418, '362.4', '0.726259352', 120),
(7419, '372.6', '0.728149897', 120),
(7420, '382.8', '0.735268312', 120),
(7421, '393', '0.73550397', 120),
(7422, '403.2', '0.732963872', 120),
(7423, '413.4', '0.732822873', 120),
(7424, '423.6', '0.734046409', 120),
(7425, '433.8', '0.733807613', 120),
(7426, '444', '0.727884784', 120),
(7427, '454.2', '0.740752673', 120),
(7428, '464.4', '0.741965221', 120),
(7429, '474.6', '0.740151703', 120),
(7430, '484.8', '0.740712563', 120),
(7431, '495', '0.748334532', 120),
(7432, '505.2', '0.740954533', 120),
(7433, '515.4', '0.752051916', 120),
(7434, '525.6', '0.749938051', 120),
(7435, '535.8', '0.749434629', 120),
(7436, '546', '0.751759369', 120),
(7437, '556.2', '0.752715361', 120),
(7438, '566.4', '0.751895565', 120),
(7439, '576.6', '0.760839298', 120),
(7440, '586.8', '0.754757215', 120),
(7441, '597', '0.753281964', 120),
(7442, '600', '0.75586276', 120),
(7443, '600', '0.757118589', 120),
(7444, '608.502', '0.767281981', 120),
(7445, '616.998', '0.757718723', 120),
(7446, '625.5', '0.764701047', 120),
(7447, '634.002', '0.766662088', 120),
(7448, '642.498', '0.764806631', 120),
(7449, '651', '0.761418547', 120),
(7450, '659.502', '0.766545558', 120),
(7451, '667.998', '0.766269391', 120),
(7452, '676.5', '0.766901278', 120),
(7453, '685.002', '0.765941991', 120),
(7454, '693.498', '0.765871876', 120),
(7455, '702', '0.765899152', 120),
(7456, '710.502', '0.765769942', 120),
(7457, '718.998', '0.764278131', 120),
(7458, '727.5', '0.768223695', 120),
(7459, '736.002', '0.765732155', 120),
(7460, '744.498', '0.768515028', 120),
(7461, '753', '0.769740139', 120),
(7462, '761.502', '0.766774739', 120),
(7463, '769.998', '0.764123706', 120),
(7464, '778.5', '0.763105256', 120),
(7465, '787.002', '0.769134342', 120),
(7466, '795.498', '0.770767428', 120),
(7467, '804', '0.759094594', 120),
(7468, '812.502', '0.764566948', 120),
(7469, '820.998', '0.765679846', 120),
(7470, '829.5', '0.76946142', 120),
(7471, '838.002', '0.767538843', 120),
(7472, '846.498', '0.766604105', 120),
(7473, '855', '0.771458322', 120),
(7474, '863.502', '0.768929132', 120),
(7475, '871.998', '0.768183906', 120),
(7476, '880.5', '0.775744623', 120),
(7477, '889.002', '0.771240098', 120),
(7478, '897.498', '0.772096205', 120),
(7479, '906', '0.773935044', 120),
(7480, '914.502', '0.767555833', 120),
(7481, '922.998', '0.767345723', 120),
(7482, '931.5', '0.771992647', 120),
(7483, '940.002', '0.771885014', 120),
(7484, '948.498', '0.77148192', 120),
(7485, '957', '0.769238538', 120),
(7486, '965.502', '0.769316323', 120),
(7487, '973.998', '0.76909215', 120),
(7488, '982.5', '0.766652925', 120),
(7489, '991.002', '0.770483234', 120),
(7490, '999.498', '0.768773636', 120),
(7491, '1008', '0.774792788', 120),
(7492, '1016.502', '0.768640529', 120),
(7493, '1024.998', '0.766820316', 120),
(7494, '1033.5', '0.770292174', 120),
(7495, '1042.002', '0.776350572', 120),
(7496, '1050.498', '0.773072612', 120),
(7497, '1059', '0.777869594', 120),
(7498, '1067.502', '0.773239049', 120),
(7499, '1075.998', '0.767586932', 120),
(7500, '1084.5', '0.765769903', 120),
(7501, '1093.002', '0.766124493', 120),
(7502, '1101.498', '0.773200122', 120),
(7503, '1110', '0.766597724', 120),
(7504, '1118.502', '0.77630821', 120),
(7505, '1126.998', '0.773868866', 120),
(7506, '1135.5', '0.773117143', 120),
(7507, '1144.002', '0.773108739', 120),
(7508, '1152.498', '0.772441967', 120),
(7509, '1161', '0.772348383', 120),
(7510, '1169.502', '0.773126218', 120),
(7511, '1177.998', '0.776913618', 120),
(7512, '1186.5', '0.771486691', 120),
(7513, '1195.002', '0.771281271', 120),
(7514, '1200', '0.768847352', 120),
(7515, '240', '0.55475975', 121),
(7516, '250.2', '0.532662776', 121),
(7517, '260.4', '0.530579166', 121),
(7518, '270.6', '0.534545069', 121),
(7519, '280.8', '0.538424014', 121),
(7520, '291', '0.543759005', 121),
(7521, '301.2', '0.544326172', 121),
(7522, '311.4', '0.545326555', 121),
(7523, '321.6', '0.550217526', 121),
(7524, '331.8', '0.545260044', 121),
(7525, '342', '0.554603358', 121),
(7526, '352.2', '0.559589094', 121),
(7527, '362.4', '0.55579627', 121),
(7528, '372.6', '0.555445879', 121),
(7529, '382.8', '0.56111247', 121),
(7530, '393', '0.559814124', 121),
(7531, '403.2', '0.564567612', 121),
(7532, '413.4', '0.572272135', 121),
(7533, '423.6', '0.569541689', 121),
(7534, '433.8', '0.57227393', 121),
(7535, '444', '0.570394444', 121),
(7536, '454.2', '0.567761056', 121),
(7537, '464.4', '0.570532689', 121),
(7538, '474.6', '0.571913205', 121),
(7539, '484.8', '0.575028448', 121),
(7540, '495', '0.577880512', 121),
(7541, '505.2', '0.582436667', 121),
(7542, '515.4', '0.577681037', 121),
(7543, '525.6', '0.583505472', 121),
(7544, '535.8', '0.581343441', 121),
(7545, '546', '0.57850265', 121),
(7546, '556.2', '0.587211516', 121),
(7547, '566.4', '0.582881051', 121),
(7548, '576.6', '0.579903116', 121),
(7549, '586.8', '0.586228385', 121),
(7550, '597', '0.582131488', 121),
(7551, '600', '0.583864891', 121),
(7552, '600', '0.602389231', 121),
(7553, '608.502', '0.606123567', 121),
(7554, '616.998', '0.599396629', 121),
(7555, '625.5', '0.60890855', 121),
(7556, '634.002', '0.595800525', 121),
(7557, '642.498', '0.594238947', 121),
(7558, '651', '0.595469799', 121),
(7559, '659.502', '0.594502513', 121),
(7560, '667.998', '0.594854896', 121),
(7561, '676.5', '0.593865345', 121),
(7562, '685.002', '0.597459867', 121),
(7563, '693.498', '0.5992103', 121),
(7564, '702', '0.596014078', 121),
(7565, '710.502', '0.595902499', 121),
(7566, '718.998', '0.602905081', 121),
(7567, '727.5', '0.597459753', 121),
(7568, '736.002', '0.598040208', 121),
(7569, '744.498', '0.602505763', 121),
(7570, '753', '0.597183953', 121),
(7571, '761.502', '0.602942469', 121),
(7572, '769.998', '0.596800371', 121),
(7573, '778.5', '0.59928914', 121),
(7574, '787.002', '0.598401366', 121),
(7575, '795.498', '0.60155825', 121),
(7576, '804', '0.598370268', 121),
(7577, '812.502', '0.59776813', 121),
(7578, '820.998', '0.600605855', 121),
(7579, '829.5', '0.612184709', 121),
(7580, '838.002', '0.599011582', 121),
(7581, '846.498', '0.602348236', 121),
(7582, '855', '0.597272093', 121),
(7583, '863.502', '0.600581103', 121),
(7584, '871.998', '0.593468835', 121),
(7585, '880.5', '0.60105294', 121),
(7586, '889.002', '0.593016193', 121),
(7587, '897.498', '0.597546075', 121),
(7588, '906', '0.597740403', 121),
(7589, '914.502', '0.597592167', 121),
(7590, '922.998', '0.599438763', 121),
(7591, '931.5', '0.597001797', 121),
(7592, '940.002', '0.600320178', 121),
(7593, '948.498', '0.598890385', 121),
(7594, '957', '0.595332044', 121),
(7595, '965.502', '0.597951223', 121),
(7596, '973.998', '0.601903004', 121),
(7597, '982.5', '0.604088889', 121),
(7598, '991.002', '0.597860775', 121),
(7599, '999.498', '0.598616218', 121),
(7600, '1008', '0.593765892', 121),
(7601, '1016.502', '0.600350745', 121),
(7602, '1024.998', '0.596804334', 121),
(7603, '1033.5', '0.600401871', 121),
(7604, '1042.002', '0.598975532', 121),
(7605, '1050.498', '0.603336769', 121),
(7606, '1059', '0.600872382', 121),
(7607, '1067.502', '0.592297145', 121),
(7608, '1075.998', '0.599855307', 121),
(7609, '1084.5', '0.598971118', 121),
(7610, '1093.002', '0.603122967', 121),
(7611, '1101.498', '0.595236854', 121),
(7612, '1110', '0.597499717', 121),
(7613, '1118.502', '0.599719757', 121),
(7614, '1126.998', '0.600017141', 121),
(7615, '1135.5', '0.600533375', 121),
(7616, '1144.002', '0.595779263', 121),
(7617, '1152.498', '0.601887313', 121),
(7618, '1161', '0.60269909', 121),
(7619, '1169.502', '0.603844594', 121),
(7620, '1177.998', '0.601532767', 121),
(7621, '1186.5', '0.600982343', 121),
(7622, '1195.002', '0.603207204', 121),
(7623, '1200', '0.599319442', 121),
(7624, '240', '0.677811161', 122),
(7625, '250.2', '0.665116053', 122),
(7626, '260.4', '0.656856686', 122),
(7627, '270.6', '0.654205607', 122),
(7628, '280.8', '0.650506698', 122),
(7629, '291', '0.636341763', 122),
(7630, '301.2', '0.636601738', 122),
(7631, '311.4', '0.632888784', 122),
(7632, '321.6', '0.626126126', 122),
(7633, '331.8', '0.624386427', 122),
(7634, '342', '0.624821114', 122),
(7635, '352.2', '0.616333875', 122),
(7636, '362.4', '0.627768438', 122),
(7637, '372.6', '0.623617786', 122),
(7638, '382.8', '0.611741065', 122),
(7639, '393', '0.624267653', 122),
(7640, '403.2', '0.629719217', 122),
(7641, '413.4', '0.630773115', 122),
(7642, '423.6', '0.635338346', 122),
(7643, '433.8', '0.64060891', 122),
(7644, '444', '0.651393006', 122),
(7645, '454.2', '0.636828567', 122),
(7646, '464.4', '0.642297551', 122),
(7647, '474.6', '0.652412976', 122),
(7648, '484.8', '0.642337845', 122),
(7649, '495', '0.6495519', 122),
(7650, '505.2', '0.644069458', 122),
(7651, '515.4', '0.657414409', 122),
(7652, '525.6', '0.658579284', 122),
(7653, '535.8', '0.654969719', 122),
(7654, '546', '0.653202552', 122),
(7655, '556.2', '0.656541035', 122),
(7656, '566.4', '0.653314258', 122),
(7657, '576.6', '0.655384195', 122),
(7658, '586.8', '0.667903055', 122),
(7659, '597', '0.665880089', 122),
(7660, '600', '0.669039251', 122),
(7661, '600', '0.677673101', 122),
(7662, '608.502', '0.677605493', 122),
(7663, '616.998', '0.683710171', 122),
(7664, '625.5', '0.673172257', 122);
INSERT INTO `measurements_data` (`id`, `res_time`, `result`, `measurement_id`) VALUES
(7665, '634.002', '0.680213079', 122),
(7666, '642.498', '0.681551499', 122),
(7667, '651', '0.677725265', 122),
(7668, '659.502', '0.677828938', 122),
(7669, '667.998', '0.683317494', 122),
(7670, '676.5', '0.691747977', 122),
(7671, '685.002', '0.682544801', 122),
(7672, '693.498', '0.681361247', 122),
(7673, '702', '0.674391167', 122),
(7674, '710.502', '0.680320501', 122),
(7675, '718.998', '0.667041422', 122),
(7676, '727.5', '0.692164345', 122),
(7677, '736.002', '0.681211729', 122),
(7678, '744.498', '0.66987352', 122),
(7679, '753', '0.685812953', 122),
(7680, '761.502', '0.712305469', 122),
(7681, '769.998', '0.678625616', 122),
(7682, '778.5', '0.686179543', 122),
(7683, '787.002', '0.683844926', 122),
(7684, '795.498', '0.682861287', 122),
(7685, '804', '0.683225746', 122),
(7686, '812.502', '0.680851894', 122),
(7687, '820.998', '0.688979293', 122),
(7688, '829.5', '0.686550203', 122),
(7689, '838.002', '0.686326347', 122),
(7690, '846.498', '0.68126067', 122),
(7691, '855', '0.684267983', 122),
(7692, '863.502', '0.690160568', 122),
(7693, '871.998', '0.688251171', 122),
(7694, '880.5', '0.683561611', 122),
(7695, '889.002', '0.682849131', 122),
(7696, '897.498', '0.695180751', 122),
(7697, '906', '0.691934306', 122),
(7698, '914.502', '0.688901328', 122),
(7699, '922.998', '0.686323254', 122),
(7700, '931.5', '0.687602232', 122),
(7701, '940.002', '0.690091733', 122),
(7702, '948.498', '0.681960658', 122),
(7703, '957', '0.691076566', 122),
(7704, '965.502', '0.692135115', 122),
(7705, '973.998', '0.695558905', 122),
(7706, '982.5', '0.69096025', 122),
(7707, '991.002', '0.69375165', 122),
(7708, '999.498', '0.696625491', 122),
(7709, '1008', '0.688069293', 122),
(7710, '1016.502', '0.687874365', 122),
(7711, '1024.998', '0.694158897', 122),
(7712, '1033.5', '0.691493378', 122),
(7713, '1042.002', '0.70668308', 122),
(7714, '1050.498', '0.690633772', 122),
(7715, '1059', '0.693943088', 122),
(7716, '1067.502', '0.690975106', 122),
(7717, '1075.998', '0.6927707', 122),
(7718, '1084.5', '0.691703391', 122),
(7719, '1093.002', '0.693512786', 122),
(7720, '1101.498', '0.700041299', 122),
(7721, '1110', '0.704446799', 122),
(7722, '1118.502', '0.697855095', 122),
(7723, '1126.998', '0.69963543', 122),
(7724, '1135.5', '0.700394077', 122),
(7725, '1144.002', '0.694728697', 122),
(7726, '1152.498', '0.69768132', 122),
(7727, '1161', '0.698232866', 122),
(7728, '1169.502', '0.699874804', 122),
(7729, '1177.998', '0.696465264', 122),
(7730, '1186.5', '0.699366563', 122),
(7731, '1195.002', '0.698214243', 122),
(7732, '1200', '0.702546021', 122),
(7733, '240', '0.729914971', 123),
(7734, '250.2', '0.734223184', 123),
(7735, '260.4', '0.73227679', 123),
(7736, '270.6', '0.724711914', 123),
(7737, '280.8', '0.730685539', 123),
(7738, '291', '0.732935512', 123),
(7739, '301.2', '0.721231865', 123),
(7740, '311.4', '0.729368476', 123),
(7741, '321.6', '0.737690504', 123),
(7742, '331.8', '0.739867062', 123),
(7743, '342', '0.736137906', 123),
(7744, '352.2', '0.742450078', 123),
(7745, '362.4', '0.747157698', 123),
(7746, '372.6', '0.742805525', 123),
(7747, '382.8', '0.743486765', 123),
(7748, '393', '0.747662495', 123),
(7749, '403.2', '0.744839627', 123),
(7750, '413.4', '0.75023834', 123),
(7751, '423.6', '0.752075652', 123),
(7752, '433.8', '0.750504673', 123),
(7753, '444', '0.757425512', 123),
(7754, '454.2', '0.754441454', 123),
(7755, '464.4', '0.755706604', 123),
(7756, '474.6', '0.756552505', 123),
(7757, '484.8', '0.759173458', 123),
(7758, '495', '0.758856571', 123),
(7759, '505.2', '0.756046692', 123),
(7760, '515.4', '0.754927532', 123),
(7761, '525.6', '0.761545348', 123),
(7762, '535.8', '0.755724039', 123),
(7763, '546', '0.75891776', 123),
(7764, '556.2', '0.756345083', 123),
(7765, '566.4', '0.760205525', 123),
(7766, '576.6', '0.763471653', 123),
(7767, '586.8', '0.762132027', 123),
(7768, '597', '0.763141612', 123),
(7769, '600', '0.76204177', 123),
(7770, '600', '0.768238259', 123),
(7771, '608.502', '0.770821933', 123),
(7772, '616.998', '0.772132006', 123),
(7773, '625.5', '0.769182056', 123),
(7774, '634.002', '0.775918165', 123),
(7775, '642.498', '0.777492338', 123),
(7776, '651', '0.769075946', 123),
(7777, '659.502', '0.772215337', 123),
(7778, '667.998', '0.77170269', 123),
(7779, '676.5', '0.774138408', 123),
(7780, '685.002', '0.773721323', 123),
(7781, '693.498', '0.775221948', 123),
(7782, '702', '0.775603996', 123),
(7783, '710.502', '0.774940731', 123),
(7784, '718.998', '0.776673096', 123),
(7785, '727.5', '0.778166066', 123),
(7786, '736.002', '0.774627924', 123),
(7787, '744.498', '0.773803324', 123),
(7788, '753', '0.773856511', 123),
(7789, '761.502', '0.777068068', 123),
(7790, '769.998', '0.77392789', 123),
(7791, '778.5', '0.774755709', 123),
(7792, '787.002', '0.776433495', 123),
(7793, '795.498', '0.778231385', 123),
(7794, '804', '0.775438888', 123),
(7795, '812.502', '0.77628058', 123),
(7796, '820.998', '0.777489953', 123),
(7797, '829.5', '0.776379868', 123),
(7798, '838.002', '0.783122236', 123),
(7799, '846.498', '0.775088044', 123),
(7800, '855', '0.782503616', 123),
(7801, '863.502', '0.780559706', 123),
(7802, '871.998', '0.777610125', 123),
(7803, '880.5', '0.783500647', 123),
(7804, '889.002', '0.779590829', 123),
(7805, '897.498', '0.777912432', 123),
(7806, '906', '0.779404588', 123),
(7807, '914.502', '0.777263916', 123),
(7808, '922.998', '0.783744203', 123),
(7809, '931.5', '0.782243024', 123),
(7810, '940.002', '0.779533567', 123),
(7811, '948.498', '0.78335015', 123),
(7812, '957', '0.781152385', 123),
(7813, '965.502', '0.779804773', 123),
(7814, '973.998', '0.779560113', 123),
(7815, '982.5', '0.784028145', 123),
(7816, '991.002', '0.780477373', 123),
(7817, '999.498', '0.783761032', 123),
(7818, '1008', '0.779157946', 123),
(7819, '1016.502', '0.780413851', 123),
(7820, '1024.998', '0.782420795', 123),
(7821, '1033.5', '0.778877132', 123),
(7822, '1042.002', '0.780595075', 123),
(7823, '1050.498', '0.782131188', 123),
(7824, '1059', '0.783863599', 123),
(7825, '1067.502', '0.786423298', 123),
(7826, '1075.998', '0.7843071', 123),
(7827, '1084.5', '0.784223146', 123),
(7828, '1093.002', '0.787303042', 123),
(7829, '1101.498', '0.776822615', 123),
(7830, '1110', '0.782898721', 123),
(7831, '1118.502', '0.782571785', 123),
(7832, '1126.998', '0.782840621', 123),
(7833, '1135.5', '0.78363149', 123),
(7834, '1144.002', '0.782266623', 123),
(7835, '1152.498', '0.782589427', 123),
(7836, '1161', '0.776943117', 123),
(7837, '1169.502', '0.78548856', 123),
(7838, '1177.998', '0.785513362', 123),
(7839, '1186.5', '0.782822581', 123),
(7840, '1195.002', '0.779382491', 123),
(7841, '1200', '0.781493016', 123),
(7951, '240', '0.678223209', 124),
(7952, '250.2', '0.672737517', 124),
(7953, '260.4', '0.670733947', 124),
(7954, '270.6', '0.668073988', 124),
(7955, '280.8', '0.670170536', 124),
(7956, '291', '0.676290781', 124),
(7957, '301.2', '0.679023533', 124),
(7958, '311.4', '0.68023406', 124),
(7959, '321.6', '0.68580799', 124),
(7960, '331.8', '0.687837607', 124),
(7961, '342', '0.688787086', 124),
(7962, '352.2', '0.696434551', 124),
(7963, '362.4', '0.696324239', 124),
(7964, '372.6', '0.698827568', 124),
(7965, '382.8', '0.703856392', 124),
(7966, '393', '0.703935911', 124),
(7967, '403.2', '0.707564159', 124),
(7968, '413.4', '0.710619459', 124),
(7969, '423.6', '0.71395066', 124),
(7970, '433.8', '0.712104953', 124),
(7971, '444', '0.71352053', 124),
(7972, '454.2', '0.719405203', 124),
(7973, '464.4', '0.726073032', 124),
(7974, '474.6', '0.725892011', 124),
(7975, '484.8', '0.734566265', 124),
(7976, '495', '0.735708092', 124),
(7977, '505.2', '0.738943052', 124),
(7978, '515.4', '0.738398411', 124),
(7979, '525.6', '0.740749167', 124),
(7980, '535.8', '0.740198476', 124),
(7981, '546', '0.737693478', 124),
(7982, '556.2', '0.737067397', 124),
(7983, '566.4', '0.748953289', 124),
(7984, '576.6', '0.746115614', 124),
(7985, '586.8', '0.751065495', 124),
(7986, '597', '0.745704262', 124),
(7987, '600', '0.751477409', 124),
(7988, '600', '0.751580113', 124),
(7989, '608.502', '0.752837459', 124),
(7990, '616.998', '0.75514946', 124),
(7991, '625.5', '0.755173274', 124),
(7992, '634.002', '0.753732484', 124),
(7993, '642.498', '0.750319434', 124),
(7994, '651', '0.753579135', 124),
(7995, '659.502', '0.756550931', 124),
(7996, '667.998', '0.763108658', 124),
(7997, '676.5', '0.754507341', 124),
(7998, '685.002', '0.750189562', 124),
(7999, '693.498', '0.75599597', 124),
(8000, '702', '0.7530558', 124),
(8001, '710.502', '0.751871287', 124),
(8002, '718.998', '0.749674692', 124),
(8003, '727.5', '0.752842543', 124),
(8004, '736.002', '0.755659139', 124),
(8005, '744.498', '0.752290412', 124),
(8006, '753', '0.755209268', 124),
(8007, '761.502', '0.760830524', 124),
(8008, '769.998', '0.757266587', 124),
(8009, '778.5', '0.75998385', 124),
(8010, '787.002', '0.755201984', 124),
(8011, '795.498', '0.75839251', 124),
(8012, '804', '0.75441282', 124),
(8013, '812.502', '0.75982253', 124),
(8014, '820.998', '0.757866448', 124),
(8015, '829.5', '0.75579345', 124),
(8016, '838.002', '0.757914694', 124),
(8017, '846.498', '0.760095782', 124),
(8018, '855', '0.753483217', 124),
(8019, '863.502', '0.758954803', 124),
(8020, '871.998', '0.758668501', 124),
(8021, '880.5', '0.757601017', 124),
(8022, '889.002', '0.760491461', 124),
(8023, '897.498', '0.755071263', 124),
(8024, '906', '0.75804081', 124),
(8025, '914.502', '0.758030711', 124),
(8026, '922.998', '0.761092007', 124),
(8027, '931.5', '0.760173997', 124),
(8028, '940.002', '0.756014133', 124),
(8029, '948.498', '0.756937082', 124),
(8030, '957', '0.760336956', 124),
(8031, '965.502', '0.755884193', 124),
(8032, '973.998', '0.760734768', 124),
(8033, '982.5', '0.76054396', 124),
(8034, '991.002', '0.762255134', 124),
(8035, '999.498', '0.75814466', 124),
(8036, '1008', '0.762348566', 124),
(8037, '1016.502', '0.76039891', 124),
(8038, '1024.998', '0.751770418', 124),
(8039, '1033.5', '0.758300218', 124),
(8040, '1042.002', '0.759432932', 124),
(8041, '1050.498', '0.757918649', 124),
(8042, '1059', '0.757016483', 124),
(8043, '1067.502', '0.75789451', 124),
(8044, '1075.998', '0.75666672', 124),
(8045, '1084.5', '0.757669987', 124),
(8046, '1093.002', '0.757375409', 124),
(8047, '1101.498', '0.75621236', 124),
(8048, '1110', '0.762301918', 124),
(8049, '1118.502', '0.761738518', 124),
(8050, '1126.998', '0.759067275', 124),
(8051, '1135.5', '0.763359641', 124),
(8052, '1144.002', '0.759333836', 124),
(8053, '1152.498', '0.75766906', 124),
(8054, '1161', '0.755510419', 124),
(8055, '1169.502', '0.761158124', 124),
(8056, '1177.998', '0.7600973', 124),
(8057, '1186.5', '0.757388283', 124),
(8058, '1195.002', '0.764232305', 124),
(8059, '1200', '0.75576734', 124),
(8060, '240', '0.624761763', 126),
(8061, '250.2', '0.62962044', 126),
(8062, '260.4', '0.623038759', 126),
(8063, '270.6', '0.640456368', 126),
(8064, '280.8', '0.628818013', 126),
(8065, '291', '0.639233611', 126),
(8066, '301.2', '0.629468309', 126),
(8067, '311.4', '0.635041066', 126),
(8068, '321.6', '0.645172674', 126),
(8069, '331.8', '0.636081615', 126),
(8070, '342', '0.641893549', 126),
(8071, '352.2', '0.643042696', 126),
(8072, '362.4', '0.651173903', 126),
(8073, '372.6', '0.636979735', 126),
(8074, '382.8', '0.646038015', 126),
(8075, '393', '0.650595883', 126),
(8076, '403.2', '0.653411039', 126),
(8077, '413.4', '0.65718683', 126),
(8078, '423.6', '0.651916967', 126),
(8079, '433.8', '0.648892495', 126),
(8080, '444', '0.664816602', 126),
(8081, '454.2', '0.653444027', 126),
(8082, '464.4', '0.661893718', 126),
(8083, '474.6', '0.661602951', 126),
(8084, '484.8', '0.654589791', 126),
(8085, '495', '0.665828348', 126),
(8086, '505.2', '0.664155915', 126),
(8087, '515.4', '0.655700833', 126),
(8088, '525.6', '0.670205657', 126),
(8089, '535.8', '0.66333367', 126),
(8090, '546', '0.660933538', 126),
(8091, '556.2', '0.673328399', 126),
(8092, '566.4', '0.672416586', 126),
(8093, '576.6', '0.675992539', 126),
(8094, '586.8', '0.675359461', 126),
(8095, '597', '0.695982118', 126),
(8096, '600', '0.678782964', 126),
(8097, '600', '0.684386064', 126),
(8098, '608.502', '0.684082402', 126),
(8099, '616.998', '0.670251265', 126),
(8100, '625.5', '0.685660352', 126),
(8101, '634.002', '0.677005487', 126),
(8102, '642.498', '0.685739459', 126),
(8103, '651', '0.685446359', 126),
(8104, '659.502', '0.673469388', 126),
(8105, '667.998', '0.678365794', 126),
(8106, '676.5', '0.683373151', 126),
(8107, '685.002', '0.672383104', 126),
(8108, '693.498', '0.683729571', 126),
(8109, '702', '0.684457343', 126),
(8110, '710.502', '0.680017868', 126),
(8111, '718.998', '0.683735016', 126),
(8112, '727.5', '0.683083369', 126),
(8113, '736.002', '0.676148133', 126),
(8114, '744.498', '0.682118086', 126),
(8115, '753', '0.679808841', 126),
(8116, '761.502', '0.685945739', 126),
(8117, '769.998', '0.692661606', 126),
(8118, '778.5', '0.685482453', 126),
(8119, '787.002', '0.682670788', 126),
(8120, '795.498', '0.684555578', 126),
(8121, '804', '0.69240358', 126),
(8122, '812.502', '0.68287439', 126),
(8123, '820.998', '0.686283315', 126),
(8124, '829.5', '0.688219155', 126),
(8125, '838.002', '0.696887172', 126),
(8126, '846.498', '0.691935849', 126),
(8127, '855', '0.685578622', 126),
(8128, '863.502', '0.691969087', 126),
(8129, '871.998', '0.683622024', 126),
(8130, '880.5', '0.695300808', 126),
(8131, '889.002', '0.686417186', 126),
(8132, '897.498', '0.687444495', 126),
(8133, '906', '0.660152101', 126),
(8134, '914.502', '0.687557756', 126),
(8135, '922.998', '0.691782035', 126),
(8136, '931.5', '0.700331506', 126),
(8137, '940.002', '0.690261044', 126),
(8138, '948.498', '0.695414493', 126),
(8139, '957', '0.692268242', 126),
(8140, '965.502', '0.695902978', 126),
(8141, '973.998', '0.698013245', 126),
(8142, '982.5', '0.690721133', 126),
(8143, '991.002', '0.6967247', 126),
(8144, '999.498', '0.694743873', 126),
(8145, '1008', '0.697919526', 126),
(8146, '1016.502', '0.688695536', 126),
(8147, '1024.998', '0.692683541', 126),
(8148, '1033.5', '0.695819402', 126),
(8149, '1042.002', '0.696646167', 126),
(8150, '1050.498', '0.700182845', 126),
(8151, '1059', '0.689280113', 126),
(8152, '1067.502', '0.70089526', 126),
(8153, '1075.998', '0.698148803', 126),
(8154, '1084.5', '0.705540827', 126),
(8155, '1093.002', '0.693017518', 126),
(8156, '1101.498', '0.701764012', 126),
(8157, '1110', '0.692564489', 126),
(8158, '1118.502', '0.698838861', 126),
(8159, '1126.998', '0.70154067', 126),
(8160, '1135.5', '0.701338007', 126),
(8161, '1144.002', '0.701160748', 126),
(8162, '1152.498', '0.700458448', 126),
(8163, '1161', '0.696468682', 126),
(8164, '1169.502', '0.685674618', 126),
(8165, '1177.998', '0.70115637', 126),
(8166, '1186.5', '0.69900145', 126),
(8167, '1195.002', '0.697885885', 126),
(8168, '1200', '0.703218713', 126),
(8169, '240', '0.65544947', 127),
(8170, '250.2', '0.658237005', 127),
(8171, '260.4', '0.66063569', 127),
(8172, '270.6', '0.649297655', 127),
(8173, '280.8', '0.650636778', 127),
(8174, '291', '0.649679158', 127),
(8175, '301.2', '0.657141584', 127),
(8176, '311.4', '0.65841867', 127),
(8177, '321.6', '0.663184788', 127),
(8178, '331.8', '0.658440276', 127),
(8179, '342', '0.664295206', 127),
(8180, '352.2', '0.668803326', 127),
(8181, '362.4', '0.672726745', 127),
(8182, '372.6', '0.659194396', 127),
(8183, '382.8', '0.663708962', 127),
(8184, '393', '0.666703938', 127),
(8185, '403.2', '0.665363174', 127),
(8186, '413.4', '0.673239025', 127),
(8187, '423.6', '0.658859635', 127),
(8188, '433.8', '0.670384635', 127),
(8189, '444', '0.679243918', 127),
(8190, '454.2', '0.682325847', 127),
(8191, '464.4', '0.680258699', 127),
(8192, '474.6', '0.681068087', 127),
(8193, '484.8', '0.685669042', 127),
(8194, '495', '0.675986381', 127),
(8195, '505.2', '0.686052845', 127),
(8196, '515.4', '0.692789463', 127),
(8197, '525.6', '0.689342103', 127),
(8198, '535.8', '0.678973674', 127),
(8199, '546', '0.695233565', 127),
(8200, '556.2', '0.697268164', 127),
(8201, '566.4', '0.686964631', 127),
(8202, '576.6', '0.695499172', 127),
(8203, '586.8', '0.689148674', 127),
(8204, '597', '0.703999421', 127),
(8205, '600', '0.693649593', 127),
(8206, '600', '0.708567827', 127),
(8207, '608.502', '0.700814815', 127),
(8208, '616.998', '0.702959341', 127),
(8209, '625.5', '0.706256628', 127),
(8210, '634.002', '0.711913928', 127),
(8211, '642.498', '0.708884744', 127),
(8212, '651', '0.71391347', 127),
(8213, '659.502', '0.71567244', 127),
(8214, '667.998', '0.709127019', 127),
(8215, '676.5', '0.709501472', 127),
(8216, '685.002', '0.713390313', 127),
(8217, '693.498', '0.717371035', 127),
(8218, '702', '0.711008637', 127),
(8219, '710.502', '0.710603221', 127),
(8220, '718.998', '0.707549182', 127),
(8221, '727.5', '0.705993727', 127),
(8222, '736.002', '0.705370934', 127),
(8223, '744.498', '0.715821112', 127),
(8224, '753', '0.711615782', 127),
(8225, '761.502', '0.706129714', 127),
(8226, '769.998', '0.711935636', 127),
(8227, '778.5', '0.709399865', 127),
(8228, '787.002', '0.708942909', 127),
(8229, '795.498', '0.718056068', 127),
(8230, '804', '0.705312276', 127),
(8231, '812.502', '0.719182778', 127),
(8232, '820.998', '0.70670167', 127),
(8233, '829.5', '0.707817332', 127),
(8234, '838.002', '0.714816271', 127),
(8235, '846.498', '0.692273361', 127),
(8236, '855', '0.710118786', 127),
(8237, '863.502', '0.713337767', 127),
(8238, '871.998', '0.710620951', 127),
(8239, '880.5', '0.713943801', 127),
(8240, '889.002', '0.711983042', 127),
(8241, '897.498', '0.712060305', 127),
(8242, '906', '0.725113957', 127),
(8243, '914.502', '0.707308534', 127),
(8244, '922.998', '0.715188632', 127),
(8245, '931.5', '0.711293843', 127),
(8246, '940.002', '0.728183602', 127),
(8247, '948.498', '0.716352651', 127),
(8248, '957', '0.726089615', 127),
(8249, '965.502', '0.716028889', 127),
(8250, '973.998', '0.717386125', 127),
(8251, '982.5', '0.72322798', 127),
(8252, '991.002', '0.724498893', 127),
(8253, '999.498', '0.727130973', 127),
(8254, '1008', '0.720353075', 127),
(8255, '1016.502', '0.720794139', 127),
(8256, '1024.998', '0.72842876', 127),
(8257, '1033.5', '0.716416297', 127),
(8258, '1042.002', '0.718049012', 127),
(8259, '1050.498', '0.715228792', 127),
(8260, '1059', '0.720954869', 127),
(8261, '1067.502', '0.722686121', 127),
(8262, '1075.998', '0.722808424', 127),
(8263, '1084.5', '0.720996326', 127),
(8264, '1093.002', '0.725687399', 127),
(8265, '1101.498', '0.719586815', 127),
(8266, '1110', '0.719375558', 127),
(8267, '1118.502', '0.721360509', 127),
(8268, '1126.998', '0.721008651', 127),
(8269, '1135.5', '0.720909185', 127),
(8270, '1144.002', '0.725211565', 127),
(8271, '1152.498', '0.724519813', 127),
(8272, '1161', '0.727407717', 127),
(8273, '1169.502', '0.720214642', 127),
(8274, '1177.998', '0.723708135', 127),
(8275, '1186.5', '0.717649145', 127),
(8276, '1195.002', '0.717726397', 127),
(8277, '1200', '0.721430129', 127),
(8278, '240', '0.679713688', 128),
(8279, '250.2', '0.676611215', 128),
(8280, '260.4', '0.683090076', 128),
(8281, '270.6', '0.685235833', 128),
(8282, '280.8', '0.689345959', 128),
(8283, '291', '0.679123575', 128),
(8284, '301.2', '0.68426614', 128),
(8285, '311.4', '0.680399815', 128),
(8286, '321.6', '0.685713285', 128),
(8287, '331.8', '0.689289956', 128),
(8288, '342', '0.687578524', 128),
(8289, '352.2', '0.668435224', 128),
(8290, '362.4', '0.688624367', 128),
(8291, '372.6', '0.684490892', 128),
(8292, '382.8', '0.695461484', 128),
(8293, '393', '0.685024527', 128),
(8294, '403.2', '0.700942623', 128),
(8295, '413.4', '0.704057512', 128),
(8296, '423.6', '0.701048719', 128),
(8297, '433.8', '0.707007952', 128),
(8298, '444', '0.700363597', 128),
(8299, '454.2', '0.704297672', 128),
(8300, '464.4', '0.730308018', 128),
(8301, '474.6', '0.706973768', 128),
(8302, '484.8', '0.705970827', 128),
(8303, '495', '0.714234092', 128),
(8304, '505.2', '0.711469646', 128),
(8305, '515.4', '0.707264327', 128),
(8306, '525.6', '0.714117777', 128),
(8307, '535.8', '0.71716548', 128),
(8308, '546', '0.724120497', 128),
(8309, '556.2', '0.716404815', 128),
(8310, '566.4', '0.722538606', 128),
(8311, '576.6', '0.722884913', 128),
(8312, '586.8', '0.714811512', 128),
(8313, '597', '0.726291012', 128),
(8314, '600', '0.725136679', 128),
(8315, '600', '0.727430776', 128),
(8316, '608.502', '0.733686683', 128),
(8317, '616.998', '0.724730461', 128),
(8318, '625.5', '0.734119503', 128),
(8319, '634.002', '0.724248322', 128),
(8320, '642.498', '0.727249662', 128),
(8321, '651', '0.733200611', 128),
(8322, '659.502', '0.731057764', 128),
(8323, '667.998', '0.728850475', 128),
(8324, '676.5', '0.727182459', 128),
(8325, '685.002', '0.732839049', 128),
(8326, '693.498', '0.729191589', 128),
(8327, '702', '0.730510328', 128),
(8328, '710.502', '0.735997059', 128),
(8329, '718.998', '0.72866403', 128),
(8330, '727.5', '0.76079539', 128),
(8331, '736.002', '0.732519122', 128),
(8332, '744.498', '0.724273177', 128),
(8333, '753', '0.724731003', 128),
(8334, '761.502', '0.768142649', 128),
(8335, '769.998', '0.733333333', 128),
(8336, '778.5', '0.731569421', 128),
(8337, '787.002', '0.741777624', 128),
(8338, '795.498', '0.738395778', 128),
(8339, '804', '0.736968216', 128),
(8340, '812.502', '0.736420928', 128),
(8341, '820.998', '0.739469958', 128),
(8342, '829.5', '0.735489932', 128),
(8343, '838.002', '0.733748425', 128),
(8344, '846.498', '0.737090738', 128),
(8345, '855', '0.725015748', 128),
(8346, '863.502', '0.74003471', 128),
(8347, '871.998', '0.740353213', 128),
(8348, '880.5', '0.735012239', 128),
(8349, '889.002', '0.739265678', 128),
(8350, '897.498', '0.737629045', 128),
(8351, '906', '0.739080155', 128),
(8352, '914.502', '0.741057168', 128),
(8353, '922.998', '0.739067532', 128),
(8354, '931.5', '0.737959127', 128),
(8355, '940.002', '0.737662073', 128),
(8356, '948.498', '0.747320834', 128),
(8357, '957', '0.743891601', 128),
(8358, '965.502', '0.735915855', 128),
(8359, '973.998', '0.744300027', 128),
(8360, '982.5', '0.738350209', 128),
(8361, '991.002', '0.738736155', 128),
(8362, '999.498', '0.74061259', 128),
(8363, '1008', '0.73945807', 128),
(8364, '1016.502', '0.741292084', 128),
(8365, '1024.998', '0.731592795', 128),
(8366, '1033.5', '0.741055071', 128),
(8367, '1042.002', '0.742122754', 128),
(8368, '1050.498', '0.73672164', 128),
(8369, '1059', '0.740386482', 128),
(8370, '1067.502', '0.733611147', 128),
(8371, '1075.998', '0.745039621', 128),
(8372, '1084.5', '0.7436203', 128),
(8373, '1093.002', '0.737789342', 128),
(8374, '1101.498', '0.740108553', 128),
(8375, '1110', '0.742868481', 128),
(8376, '1118.502', '0.74234848', 128),
(8377, '1126.998', '0.744788097', 128),
(8378, '1135.5', '0.742583421', 128),
(8379, '1144.002', '0.743103768', 128),
(8380, '1152.498', '0.745456809', 128),
(8381, '1161', '0.739810536', 128),
(8382, '1169.502', '0.750096086', 128),
(8383, '1177.998', '0.740136872', 128),
(8384, '1186.5', '0.745573534', 128),
(8385, '1195.002', '0.744725517', 128),
(8386, '1200', '0.752194342', 128),
(8387, '240', '0.614172059', 129),
(8388, '250.2', '0.623371561', 129),
(8389, '260.4', '0.612433552', 129),
(8390, '270.6', '0.602783076', 129),
(8391, '280.8', '0.606226988', 129),
(8392, '291', '0.615168185', 129),
(8393, '301.2', '0.607584302', 129),
(8394, '311.4', '0.603253924', 129),
(8395, '321.6', '0.618990109', 129),
(8396, '331.8', '0.610930402', 129),
(8397, '342', '0.611529889', 129),
(8398, '352.2', '0.608113885', 129),
(8399, '362.4', '0.609743525', 129),
(8400, '372.6', '0.611167403', 129),
(8401, '382.8', '0.617298837', 129),
(8402, '393', '0.619928595', 129),
(8403, '403.2', '0.624518659', 129),
(8404, '413.4', '0.622868535', 129),
(8405, '423.6', '0.628309181', 129),
(8406, '433.8', '0.627419732', 129),
(8407, '444', '0.633590827', 129),
(8408, '454.2', '0.628902663', 129),
(8409, '464.4', '0.628512641', 129),
(8410, '474.6', '0.642276756', 129),
(8411, '484.8', '0.638155867', 129),
(8412, '495', '0.643288679', 129),
(8413, '505.2', '0.644026781', 129),
(8414, '515.4', '0.611790812', 129),
(8415, '525.6', '0.642094706', 129),
(8416, '535.8', '0.649116185', 129),
(8417, '546', '0.655045614', 129),
(8418, '556.2', '0.652253162', 129),
(8419, '566.4', '0.651328508', 129),
(8420, '576.6', '0.656162451', 129),
(8421, '586.8', '0.663457936', 129),
(8422, '597', '0.651415098', 129),
(8423, '600', '0.666611645', 129),
(8424, '600', '0.665392636', 129),
(8425, '608.502', '0.666799405', 129),
(8426, '616.998', '0.668490161', 129),
(8427, '625.5', '0.667935412', 129),
(8428, '634.002', '0.671571007', 129),
(8429, '642.498', '0.672059411', 129),
(8430, '651', '0.66837267', 129),
(8431, '659.502', '0.665872397', 129),
(8432, '667.998', '0.663921953', 129),
(8433, '676.5', '0.671365284', 129),
(8434, '685.002', '0.667636626', 129),
(8435, '693.498', '0.669287991', 129),
(8436, '702', '0.671688107', 129),
(8437, '710.502', '0.674948845', 129),
(8438, '718.998', '0.667881239', 129),
(8439, '727.5', '0.678372105', 129),
(8440, '736.002', '0.683837159', 129),
(8441, '744.498', '0.66748079', 129),
(8442, '753', '0.671698946', 129),
(8443, '761.502', '0.668801047', 129),
(8444, '769.998', '0.674372528', 129),
(8445, '778.5', '0.672123559', 129),
(8446, '787.002', '0.67484315', 129),
(8447, '795.498', '0.679260699', 129),
(8448, '804', '0.678412091', 129),
(8449, '812.502', '0.684668353', 129),
(8450, '820.998', '0.681583805', 129),
(8451, '829.5', '0.680281991', 129),
(8452, '838.002', '0.677917123', 129),
(8453, '846.498', '0.681612006', 129),
(8454, '855', '0.682245204', 129),
(8455, '863.502', '0.682853441', 129),
(8456, '871.998', '0.683061034', 129),
(8457, '880.5', '0.679901534', 129),
(8458, '889.002', '0.681756855', 129),
(8459, '897.498', '0.674787944', 129),
(8460, '906', '0.669847314', 129),
(8461, '914.502', '0.689638393', 129),
(8462, '922.998', '0.683314352', 129),
(8463, '931.5', '0.687244214', 129),
(8464, '940.002', '0.671781523', 129),
(8465, '948.498', '0.676347711', 129),
(8466, '957', '0.685968867', 129),
(8467, '965.502', '0.683826886', 129),
(8468, '973.998', '0.683119892', 129),
(8469, '982.5', '0.685317409', 129),
(8470, '991.002', '0.689382199', 129),
(8471, '999.498', '0.690606721', 129),
(8472, '1008', '0.68722196', 129),
(8473, '1016.502', '0.693404111', 129),
(8474, '1024.998', '0.687266682', 129),
(8475, '1033.5', '0.693482833', 129),
(8476, '1042.002', '0.686441285', 129),
(8477, '1050.498', '0.686612925', 129),
(8478, '1059', '0.68683284', 129),
(8479, '1067.502', '0.689598184', 129),
(8480, '1075.998', '0.693603897', 129),
(8481, '1084.5', '0.702837232', 129),
(8482, '1093.002', '0.69952269', 129),
(8483, '1101.498', '0.683259476', 129),
(8484, '1110', '0.697740835', 129),
(8485, '1118.502', '0.674198111', 129),
(8486, '1126.998', '0.69324035', 129),
(8487, '1135.5', '0.692452222', 129),
(8488, '1144.002', '0.696754863', 129),
(8489, '1152.498', '0.691303513', 129),
(8490, '1161', '0.69519762', 129),
(8491, '1169.502', '0.690241475', 129),
(8492, '1177.998', '0.697981761', 129),
(8493, '1186.5', '0.692239538', 129),
(8494, '1195.002', '0.698886254', 129),
(8495, '1200', '0.684414078', 129),
(8496, '240', '0.610903291', 130),
(8497, '250.2', '0.614055726', 130),
(8498, '260.4', '0.605450378', 130),
(8499, '270.6', '0.60797505', 130),
(8500, '280.8', '0.617514666', 130),
(8501, '291', '0.616395746', 130),
(8502, '301.2', '0.612407246', 130),
(8503, '311.4', '0.617149732', 130),
(8504, '321.6', '0.619263', 130),
(8505, '331.8', '0.622262747', 130),
(8506, '342', '0.619185156', 130),
(8507, '352.2', '0.62208817', 130),
(8508, '362.4', '0.621095137', 130),
(8509, '372.6', '0.629928549', 130),
(8510, '382.8', '0.634738353', 130),
(8511, '393', '0.622900506', 130),
(8512, '403.2', '0.642243477', 130),
(8513, '413.4', '0.632147929', 130),
(8514, '423.6', '0.639203062', 130),
(8515, '433.8', '0.644332727', 130),
(8516, '444', '0.644249237', 130),
(8517, '454.2', '0.64056147', 130),
(8518, '464.4', '0.646567936', 130),
(8519, '474.6', '0.645699577', 130),
(8520, '484.8', '0.648040824', 130),
(8521, '495', '0.65263688', 130),
(8522, '505.2', '0.654768162', 130),
(8523, '515.4', '0.653972305', 130),
(8524, '525.6', '0.663838858', 130),
(8525, '535.8', '0.654303345', 130),
(8526, '546', '0.664125157', 130),
(8527, '556.2', '0.657627704', 130),
(8528, '566.4', '0.664227764', 130),
(8529, '576.6', '0.661867093', 130),
(8530, '586.8', '0.669325578', 130),
(8531, '597', '0.665822164', 130),
(8532, '600', '0.663758944', 130),
(8533, '600', '0.678042892', 130),
(8534, '608.502', '0.682965639', 130),
(8535, '616.998', '0.676802076', 130),
(8536, '625.5', '0.674251409', 130),
(8537, '634.002', '0.673079726', 130),
(8538, '642.498', '0.686175651', 130),
(8539, '651', '0.677889056', 130),
(8540, '659.502', '0.679024213', 130),
(8541, '667.998', '0.684129032', 130),
(8542, '676.5', '0.678161901', 130),
(8543, '685.002', '0.683037814', 130),
(8544, '693.498', '0.67526064', 130),
(8545, '702', '0.68244353', 130),
(8546, '710.502', '0.68273023', 130),
(8547, '718.998', '0.686540042', 130),
(8548, '727.5', '0.685566359', 130),
(8549, '736.002', '0.689944509', 130),
(8550, '744.498', '0.690838788', 130),
(8551, '753', '0.686413663', 130),
(8552, '761.502', '0.685263083', 130),
(8553, '769.998', '0.690120458', 130),
(8554, '778.5', '0.689450286', 130),
(8555, '787.002', '0.68206416', 130),
(8556, '795.498', '0.691713841', 130),
(8557, '804', '0.69151263', 130),
(8558, '812.502', '0.683122381', 130),
(8559, '820.998', '0.694184373', 130),
(8560, '829.5', '0.695877498', 130),
(8561, '838.002', '0.688447051', 130),
(8562, '846.498', '0.69366237', 130),
(8563, '855', '0.685350856', 130),
(8564, '863.502', '0.695692806', 130),
(8565, '871.998', '0.695857201', 130),
(8566, '880.5', '0.687730048', 130),
(8567, '889.002', '0.691017081', 130),
(8568, '897.498', '0.692577575', 130),
(8569, '906', '0.695546662', 130),
(8570, '914.502', '0.696008114', 130),
(8571, '922.998', '0.693337439', 130),
(8572, '931.5', '0.689321353', 130),
(8573, '940.002', '0.690653468', 130),
(8574, '948.498', '0.700651939', 130),
(8575, '957', '0.694459496', 130),
(8576, '965.502', '0.686175169', 130),
(8577, '973.998', '0.699452254', 130),
(8578, '982.5', '0.697799249', 130),
(8579, '991.002', '0.695711225', 130),
(8580, '999.498', '0.699313894', 130),
(8581, '1008', '0.697730899', 130),
(8582, '1016.502', '0.701098679', 130),
(8583, '1024.998', '0.694353274', 130),
(8584, '1033.5', '0.69727591', 130),
(8585, '1042.002', '0.700045375', 130),
(8586, '1050.498', '0.70042824', 130),
(8587, '1059', '0.695626426', 130),
(8588, '1067.502', '0.698473589', 130),
(8589, '1075.998', '0.694895691', 130),
(8590, '1084.5', '0.698593156', 130),
(8591, '1093.002', '0.701447756', 130),
(8592, '1101.498', '0.701166865', 130),
(8593, '1110', '0.697429323', 130),
(8594, '1118.502', '0.701130114', 130),
(8595, '1126.998', '0.697326872', 130),
(8596, '1135.5', '0.703531693', 130),
(8597, '1144.002', '0.696278044', 130),
(8598, '1152.498', '0.701861201', 130),
(8599, '1161', '0.69616046', 130),
(8600, '1169.502', '0.704663849', 130),
(8601, '1177.998', '0.698716273', 130),
(8602, '1186.5', '0.699557174', 130),
(8603, '1195.002', '0.694268351', 130),
(8604, '1200', '0.69760664', 130),
(8605, '240', '0.624761763', 131),
(8606, '250.2', '0.62962044', 131),
(8607, '260.4', '0.623038759', 131),
(8608, '270.6', '0.640456368', 131),
(8609, '280.8', '0.628818013', 131),
(8610, '291', '0.639233611', 131),
(8611, '301.2', '0.629468309', 131),
(8612, '311.4', '0.635041066', 131),
(8613, '321.6', '0.645172674', 131),
(8614, '331.8', '0.636081615', 131),
(8615, '342', '0.641893549', 131),
(8616, '352.2', '0.643042696', 131),
(8617, '362.4', '0.651173903', 131),
(8618, '372.6', '0.636979735', 131),
(8619, '382.8', '0.646038015', 131),
(8620, '393', '0.650595883', 131),
(8621, '403.2', '0.653411039', 131),
(8622, '413.4', '0.65718683', 131),
(8623, '423.6', '0.651916967', 131),
(8624, '433.8', '0.648892495', 131),
(8625, '444', '0.664816602', 131),
(8626, '454.2', '0.653444027', 131),
(8627, '464.4', '0.661893718', 131),
(8628, '474.6', '0.661602951', 131),
(8629, '484.8', '0.654589791', 131),
(8630, '495', '0.665828348', 131),
(8631, '505.2', '0.664155915', 131),
(8632, '515.4', '0.655700833', 131),
(8633, '525.6', '0.670205657', 131),
(8634, '535.8', '0.66333367', 131),
(8635, '546', '0.660933538', 131),
(8636, '556.2', '0.673328399', 131),
(8637, '566.4', '0.672416586', 131),
(8638, '576.6', '0.675992539', 131),
(8639, '586.8', '0.675359461', 131),
(8640, '597', '0.695982118', 131),
(8641, '600', '0.678782964', 131),
(8642, '600', '0.684386064', 131),
(8643, '608.502', '0.684082402', 131),
(8644, '616.998', '0.670251265', 131),
(8645, '625.5', '0.685660352', 131),
(8646, '634.002', '0.677005487', 131),
(8647, '642.498', '0.685739459', 131),
(8648, '651', '0.685446359', 131),
(8649, '659.502', '0.673469388', 131),
(8650, '667.998', '0.678365794', 131),
(8651, '676.5', '0.683373151', 131),
(8652, '685.002', '0.672383104', 131),
(8653, '693.498', '0.683729571', 131),
(8654, '702', '0.684457343', 131),
(8655, '710.502', '0.680017868', 131),
(8656, '718.998', '0.683735016', 131),
(8657, '727.5', '0.683083369', 131),
(8658, '736.002', '0.676148133', 131),
(8659, '744.498', '0.682118086', 131),
(8660, '753', '0.679808841', 131),
(8661, '761.502', '0.685945739', 131),
(8662, '769.998', '0.692661606', 131),
(8663, '778.5', '0.685482453', 131),
(8664, '787.002', '0.682670788', 131),
(8665, '795.498', '0.684555578', 131),
(8666, '804', '0.69240358', 131),
(8667, '812.502', '0.68287439', 131),
(8668, '820.998', '0.686283315', 131),
(8669, '829.5', '0.688219155', 131),
(8670, '838.002', '0.696887172', 131),
(8671, '846.498', '0.691935849', 131),
(8672, '855', '0.685578622', 131),
(8673, '863.502', '0.691969087', 131),
(8674, '871.998', '0.683622024', 131),
(8675, '880.5', '0.695300808', 131),
(8676, '889.002', '0.686417186', 131),
(8677, '897.498', '0.687444495', 131),
(8678, '906', '0.660152101', 131),
(8679, '914.502', '0.687557756', 131),
(8680, '922.998', '0.691782035', 131),
(8681, '931.5', '0.700331506', 131),
(8682, '940.002', '0.690261044', 131),
(8683, '948.498', '0.695414493', 131),
(8684, '957', '0.692268242', 131),
(8685, '965.502', '0.695902978', 131),
(8686, '973.998', '0.698013245', 131),
(8687, '982.5', '0.690721133', 131),
(8688, '991.002', '0.6967247', 131),
(8689, '999.498', '0.694743873', 131),
(8690, '1008', '0.697919526', 131),
(8691, '1016.502', '0.688695536', 131),
(8692, '1024.998', '0.692683541', 131),
(8693, '1033.5', '0.695819402', 131),
(8694, '1042.002', '0.696646167', 131),
(8695, '1050.498', '0.700182845', 131),
(8696, '1059', '0.689280113', 131),
(8697, '1067.502', '0.70089526', 131),
(8698, '1075.998', '0.698148803', 131),
(8699, '1084.5', '0.705540827', 131),
(8700, '1093.002', '0.693017518', 131),
(8701, '1101.498', '0.701764012', 131),
(8702, '1110', '0.692564489', 131),
(8703, '1118.502', '0.698838861', 131),
(8704, '1126.998', '0.70154067', 131),
(8705, '1135.5', '0.701338007', 131),
(8706, '1144.002', '0.701160748', 131),
(8707, '1152.498', '0.700458448', 131),
(8708, '1161', '0.696468682', 131),
(8709, '1169.502', '0.685674618', 131),
(8710, '1177.998', '0.70115637', 131),
(8711, '1186.5', '0.69900145', 131),
(8712, '1195.002', '0.697885885', 131),
(8713, '1200', '0.703218713', 131),
(8714, '60', '0.093353283', 132),
(8715, '75.864', '0.097399398', 132),
(8716, '91.734', '0.104794597', 132),
(8717, '107.598', '0.101543061', 132),
(8718, '123.468', '0.100787387', 132),
(8719, '139.332', '0.099012282', 132),
(8720, '155.202', '0.099543226', 132),
(8721, '171.066', '0.088096177', 132),
(8722, '186.936', '0.092343669', 132),
(8723, '202.8', '0.107844044', 132),
(8724, '218.664', '0.085545917', 132),
(8725, '234.534', '0.095088858', 132),
(8726, '250.398', '0.108289066', 132),
(8727, '266.268', '0.097612424', 132),
(8728, '282.132', '0.091408507', 132),
(8729, '298.002', '0.104182847', 132),
(8730, '313.866', '0.097050482', 132),
(8731, '329.736', '0.097667308', 132),
(8732, '345.6', '0.078675164', 132),
(8733, '361.464', '0.087638289', 132),
(8734, '377.334', '0.102245007', 132),
(8735, '393.198', '0.100468811', 132),
(8736, '409.068', '0.102277603', 132),
(8737, '424.932', '0.093703863', 132),
(8738, '440.802', '0.082266756', 132),
(8739, '456.666', '0.107590735', 132),
(8740, '472.536', '0.101607143', 132),
(8741, '488.4', '0.092678397', 132),
(8742, '504.264', '0.103080766', 132),
(8743, '520.134', '0.089451768', 132),
(8744, '535.998', '0.120474146', 132),
(8745, '551.868', '0.108986651', 132),
(8746, '567.732', '0.123463902', 132),
(8747, '583.602', '0.088398095', 132),
(8748, '599.466', '0.121653686', 132),
(8749, '615.336', '0.101501251', 132),
(8750, '631.2', '0.08401222', 132),
(8751, '647.064', '0.093831199', 132),
(8752, '662.934', '0.119964829', 132),
(8753, '678.798', '0.122659834', 132),
(8754, '694.668', '0.092123625', 132),
(8755, '710.532', '0.106003424', 132),
(8756, '726.402', '0.113180755', 132),
(8757, '742.266', '0.105619889', 132),
(8758, '758.136', '0.097048745', 132),
(8759, '774', '0.089166131', 132),
(8760, '789.864', '0.098563314', 132),
(8761, '805.734', '0.106542455', 132),
(8762, '821.598', '0.097651641', 132),
(8763, '837.468', '0.084174017', 132),
(8764, '853.332', '0.117098446', 132),
(8765, '869.202', '0.113953361', 132),
(8766, '885.066', '0.107764757', 132),
(8767, '900', '0.100786564', 132),
(9095, '240', '0.341427169', 136),
(9096, '250.2', '0.349393771', 136),
(9097, '260.4', '0.337816865', 136),
(9098, '270.6', '0.326878026', 136),
(9099, '280.8', '0.32725064', 136),
(9100, '291', '0.321705734', 136),
(9101, '301.2', '0.338872372', 136),
(9102, '311.4', '0.342845839', 136),
(9103, '321.6', '0.323004845', 136),
(9104, '331.8', '0.306174428', 136),
(9105, '342', '0.327414717', 136),
(9106, '352.2', '0.323794466', 136),
(9107, '362.4', '0.324300194', 136),
(9108, '372.6', '0.338596258', 136),
(9109, '382.8', '0.35679763', 136),
(9110, '393', '0.338686288', 136),
(9111, '403.2', '0.311050705', 136),
(9112, '413.4', '0.352669813', 136),
(9113, '423.6', '0.342212308', 136),
(9114, '433.8', '0.35523037', 136),
(9115, '444', '0.365236612', 136),
(9116, '454.2', '0.355257579', 136),
(9117, '464.4', '0.367174326', 136),
(9118, '474.6', '0.35723875', 136),
(9119, '484.8', '0.365803328', 136),
(9120, '495', '0.36306022', 136),
(9121, '505.2', '0.36802828', 136),
(9122, '515.4', '0.378641802', 136),
(9123, '525.6', '0.380724611', 136),
(9124, '535.8', '0.403859937', 136),
(9125, '546', '0.388454919', 136),
(9126, '556.2', '0.391886882', 136),
(9127, '566.4', '0.379442509', 136),
(9128, '576.6', '0.391374393', 136),
(9129, '586.8', '0.387564986', 136),
(9130, '597', '0.380046605', 136),
(9131, '600', '0.389244186', 136),
(9132, '600', '0.40355825', 136),
(9133, '608.502', '0.413162085', 136),
(9134, '616.998', '0.408381809', 136),
(9135, '625.5', '0.407663482', 136),
(9136, '634.002', '0.416005115', 136),
(9137, '642.498', '0.412141582', 136),
(9138, '651', '0.397477966', 136),
(9139, '659.502', '0.415269727', 136),
(9140, '667.998', '0.409845221', 136),
(9141, '676.5', '0.420741946', 136),
(9142, '685.002', '0.402489189', 136),
(9143, '693.498', '0.403610523', 136),
(9144, '702', '0.412835553', 136),
(9145, '710.502', '0.416673302', 136),
(9146, '718.998', '0.417878875', 136),
(9147, '727.5', '0.413075741', 136),
(9148, '736.002', '0.421939827', 136),
(9149, '744.498', '0.420079569', 136),
(9150, '753', '0.421427071', 136),
(9151, '761.502', '0.425861755', 136),
(9152, '769.998', '0.418964376', 136),
(9153, '778.5', '0.416859807', 136),
(9154, '787.002', '0.423845111', 136),
(9155, '795.498', '0.418550129', 136),
(9156, '804', '0.411504073', 136),
(9157, '812.502', '0.43700105', 136),
(9158, '820.998', '0.425249257', 136),
(9159, '829.5', '0.438026971', 136),
(9160, '838.002', '0.427378436', 136),
(9161, '846.498', '0.432687243', 136),
(9162, '855', '0.434094672', 136),
(9163, '863.502', '0.425278791', 136),
(9164, '871.998', '0.479896333', 136),
(9165, '880.5', '0.425893624', 136),
(9166, '889.002', '0.436157781', 136),
(9167, '897.498', '0.426074461', 136),
(9168, '906', '0.426019459', 136),
(9169, '914.502', '0.444748027', 136),
(9170, '922.998', '0.446943602', 136),
(9171, '931.5', '0.444675246', 136),
(9172, '940.002', '0.449895028', 136),
(9173, '948.498', '0.449497416', 136),
(9174, '957', '0.439448655', 136),
(9175, '965.502', '0.437450179', 136),
(9176, '973.998', '0.443680249', 136),
(9177, '982.5', '0.445498239', 136),
(9178, '991.002', '0.445471643', 136),
(9179, '999.498', '0.438014806', 136),
(9180, '1008', '0.443111206', 136),
(9181, '1016.502', '0.455427252', 136),
(9182, '1024.998', '0.450646541', 136),
(9183, '1033.5', '0.441503524', 136),
(9184, '1042.002', '0.44106116', 136),
(9185, '1050.498', '0.447390157', 136),
(9186, '1059', '0.447497237', 136),
(9187, '1067.502', '0.441540293', 136),
(9188, '1075.998', '0.433631168', 136),
(9189, '1084.5', '0.442732612', 136),
(9190, '1093.002', '0.451678995', 136),
(9191, '1101.498', '0.45388812', 136),
(9192, '1110', '0.439839362', 136),
(9193, '1118.502', '0.450242372', 136),
(9194, '1126.998', '0.440236011', 136),
(9195, '1135.5', '0.446004093', 136),
(9196, '1144.002', '0.430212294', 136),
(9197, '1152.498', '0.432173515', 136),
(9198, '1161', '0.437253858', 136),
(9199, '1169.502', '0.449646574', 136),
(9200, '1177.998', '0.440219134', 136),
(9201, '1186.5', '0.44926781', 136),
(9202, '1195.002', '0.438325402', 136),
(9203, '1200', '0.434051162', 136),
(9204, '240', '0.605635637', 137),
(9205, '250.2', '0.604271767', 137),
(9206, '260.4', '0.610284168', 137),
(9207, '270.6', '0.60394023', 137),
(9208, '280.8', '0.596618226', 137),
(9209, '291', '0.607772351', 137),
(9210, '301.2', '0.593192315', 137),
(9211, '311.4', '0.595649829', 137),
(9212, '321.6', '0.594911903', 137),
(9213, '331.8', '0.599894245', 137),
(9214, '342', '0.59856756', 137),
(9215, '352.2', '0.604494544', 137),
(9216, '362.4', '0.599588959', 137),
(9217, '372.6', '0.599633426', 137),
(9218, '382.8', '0.602565248', 137),
(9219, '393', '0.615299693', 137),
(9220, '403.2', '0.600456458', 137),
(9221, '413.4', '0.604788692', 137),
(9222, '423.6', '0.612319819', 137),
(9223, '433.8', '0.61581481', 137),
(9224, '444', '0.617826596', 137),
(9225, '454.2', '0.617504575', 137),
(9226, '464.4', '0.613293265', 137),
(9227, '474.6', '0.616846568', 137),
(9228, '484.8', '0.621280753', 137),
(9229, '495', '0.628031302', 137),
(9230, '505.2', '0.620060466', 137),
(9231, '515.4', '0.627109022', 137),
(9232, '525.6', '0.630398435', 137),
(9233, '535.8', '0.627527011', 137),
(9234, '546', '0.632986026', 137),
(9235, '556.2', '0.624997773', 137),
(9236, '566.4', '0.626801459', 137),
(9237, '576.6', '0.624896007', 137),
(9238, '586.8', '0.636977272', 137),
(9239, '597', '0.625665392', 137),
(9240, '600', '0.630593705', 137),
(9241, '600', '0.645138743', 137),
(9242, '608.502', '0.644941824', 137),
(9243, '616.998', '0.649257067', 137),
(9244, '625.5', '0.650736203', 137),
(9245, '634.002', '0.647028788', 137),
(9246, '642.498', '0.649515115', 137),
(9247, '651', '0.645528991', 137),
(9248, '659.502', '0.650048453', 137),
(9249, '667.998', '0.65201691', 137),
(9250, '676.5', '0.651533677', 137),
(9251, '685.002', '0.647738533', 137),
(9252, '693.498', '0.643219497', 137),
(9253, '702', '0.647829119', 137),
(9254, '710.502', '0.647278244', 137),
(9255, '718.998', '0.648496109', 137),
(9256, '727.5', '0.6472918', 137),
(9257, '736.002', '0.647459181', 137),
(9258, '744.498', '0.65494081', 137),
(9259, '753', '0.648766533', 137),
(9260, '761.502', '0.651174552', 137),
(9261, '769.998', '0.648077608', 137),
(9262, '778.5', '0.654524939', 137),
(9263, '787.002', '0.653551272', 137),
(9264, '795.498', '0.647083934', 137),
(9265, '804', '0.653357403', 137),
(9266, '812.502', '0.65247123', 137),
(9267, '820.998', '0.647167466', 137),
(9268, '829.5', '0.644167041', 137),
(9269, '838.002', '0.660750026', 137),
(9270, '846.498', '0.65327802', 137),
(9271, '855', '0.645824116', 137),
(9272, '863.502', '0.654093593', 137),
(9273, '871.998', '0.658765923', 137),
(9274, '880.5', '0.658859967', 137),
(9275, '889.002', '0.658081044', 137),
(9276, '897.498', '0.655912836', 137),
(9277, '906', '0.653207788', 137),
(9278, '914.502', '0.653930741', 137),
(9279, '922.998', '0.660559055', 137),
(9280, '931.5', '0.656890826', 137),
(9281, '940.002', '0.653393439', 137),
(9282, '948.498', '0.653761909', 137),
(9283, '957', '0.666004174', 137),
(9284, '965.502', '0.65935511', 137),
(9285, '973.998', '0.65556652', 137),
(9286, '982.5', '0.658384876', 137),
(9287, '991.002', '0.651514884', 137),
(9288, '999.498', '0.658988107', 137),
(9289, '1008', '0.657784313', 137),
(9290, '1016.502', '0.662814904', 137),
(9291, '1024.998', '0.656552432', 137),
(9292, '1033.5', '0.659702176', 137),
(9293, '1042.002', '0.65211605', 137),
(9294, '1050.498', '0.657612206', 137),
(9295, '1059', '0.653568235', 137),
(9296, '1067.502', '0.65260743', 137),
(9297, '1075.998', '0.658363052', 137),
(9298, '1084.5', '0.658644712', 137),
(9299, '1093.002', '0.663442224', 137),
(9300, '1101.498', '0.660420891', 137),
(9301, '1110', '0.660702616', 137),
(9302, '1118.502', '0.662937718', 137),
(9303, '1126.998', '0.667598575', 137),
(9304, '1135.5', '0.664273401', 137),
(9305, '1144.002', '0.662764391', 137),
(9306, '1152.498', '0.662745238', 137),
(9307, '1161', '0.667202714', 137),
(9308, '1169.502', '0.664714854', 137),
(9309, '1177.998', '0.656349809', 137),
(9310, '1186.5', '0.663149598', 137),
(9311, '1195.002', '0.672974386', 137),
(9312, '1200', '0.66221287', 137),
(9313, '240', '0.61110815', 133),
(9314, '250.2', '0.59709339', 133),
(9315, '260.4', '0.5974402', 133),
(9316, '270.6', '0.58934886', 133),
(9317, '280.8', '0.59872115', 133),
(9318, '291', '0.59421861', 133),
(9319, '301.2', '0.59524947', 133),
(9320, '311.4', '0.59602297', 133),
(9321, '321.6', '0.57079629', 133),
(9322, '331.8', '0.59634956', 133),
(9323, '342', '0.59034229', 133),
(9324, '352.2', '0.59551818', 133),
(9325, '362.4', '0.58938903', 133),
(9326, '372.6', '0.59222485', 133),
(9327, '382.8', '0.60290247', 133),
(9328, '393', '0.60325595', 133),
(9329, '403.2', '0.59944581', 133),
(9330, '413.4', '0.59923431', 133),
(9331, '423.6', '0.60106961', 133),
(9332, '433.8', '0.60071142', 133),
(9333, '444', '0.59182718', 133),
(9334, '454.2', '0.61112901', 133),
(9335, '464.4', '0.61294783', 133),
(9336, '474.6', '0.61022756', 133),
(9337, '484.8', '0.61106884', 133),
(9338, '495', '0.6225018', 133),
(9339, '505.2', '0.6114318', 133),
(9340, '515.4', '0.62807787', 133),
(9341, '525.6', '0.62490708', 133),
(9342, '535.8', '0.62415194', 133),
(9343, '546', '0.62763905', 133),
(9344, '556.2', '0.62907304', 133),
(9345, '566.4', '0.62784335', 133),
(9346, '576.6', '0.64125895', 133),
(9347, '586.8', '0.63213582', 133),
(9348, '597', '0.62992295', 133),
(9349, '600', '0.63379414', 133),
(9350, '600', '0.63567788', 133),
(9351, '608.502', '0.65092297', 133),
(9352, '616.998', '0.63657808', 133),
(9353, '625.5', '0.64705157', 133),
(9354, '634.002', '0.64999313', 133),
(9355, '642.498', '0.64720995', 133),
(9356, '651', '0.64212782', 133),
(9357, '659.502', '0.64981834', 133),
(9358, '667.998', '0.64940409', 133),
(9359, '676.5', '0.65035192', 133),
(9360, '685.002', '0.64891299', 133),
(9361, '693.498', '0.64880781', 133),
(9362, '702', '0.64884873', 133),
(9363, '710.502', '0.64865491', 133),
(9364, '718.998', '0.6464172', 133),
(9365, '727.5', '0.65233554', 133),
(9366, '736.002', '0.64859823', 133),
(9367, '744.498', '0.65277254', 133),
(9368, '753', '0.65461021', 133),
(9369, '761.502', '0.65016211', 133),
(9370, '769.998', '0.64618556', 133),
(9371, '778.5', '0.64465788', 133),
(9372, '787.002', '0.65370151', 133),
(9373, '795.498', '0.65615114', 133),
(9374, '804', '0.63864189', 133),
(9375, '812.502', '0.64685042', 133),
(9376, '820.998', '0.64851977', 133),
(9377, '829.5', '0.65419213', 133),
(9378, '838.002', '0.65130826', 133),
(9379, '846.498', '0.64990616', 133),
(9380, '855', '0.65718748', 133),
(9381, '863.502', '0.6533937', 133),
(9382, '871.998', '0.65227586', 133),
(9383, '880.5', '0.66361693', 133),
(9384, '889.002', '0.65686015', 133),
(9385, '897.498', '0.65814431', 133),
(9386, '906', '0.66090257', 133),
(9387, '914.502', '0.65133375', 133),
(9388, '922.998', '0.65101858', 133),
(9389, '931.5', '0.65798897', 133),
(9390, '940.002', '0.65782752', 133),
(9391, '948.498', '0.65722288', 133),
(9392, '957', '0.65385781', 133),
(9393, '965.502', '0.65397448', 133),
(9394, '973.998', '0.65363822', 133),
(9395, '982.5', '0.64997939', 133),
(9396, '991.002', '0.65572485', 133),
(9397, '999.498', '0.65316045', 133),
(9398, '1008', '0.66218918', 133),
(9399, '1016.502', '0.65296079', 133),
(9400, '1024.998', '0.65023047', 133),
(9401, '1033.5', '0.65543826', 133),
(9402, '1042.002', '0.66452586', 133),
(9403, '1050.498', '0.65960892', 133),
(9404, '1059', '0.66680439', 133),
(9405, '1067.502', '0.65985857', 133),
(9406, '1075.998', '0.6513804', 133),
(9407, '1084.5', '0.64865486', 133),
(9408, '1093.002', '0.64918674', 133),
(9409, '1101.498', '0.65980018', 133),
(9410, '1110', '0.64989659', 133),
(9411, '1118.502', '0.66446231', 133),
(9412, '1126.998', '0.6608033', 133),
(9413, '1135.5', '0.65967571', 133),
(9414, '1144.002', '0.65966311', 133),
(9415, '1152.498', '0.65866295', 133),
(9416, '1161', '0.65852257', 133),
(9417, '1169.502', '0.65968933', 133),
(9418, '1177.998', '0.66537043', 133),
(9419, '1186.5', '0.65723004', 133),
(9420, '1195.002', '0.65692191', 133),
(9421, '1200', '0.65327103', 133),
(9422, '240', '0.595435397', 139),
(9423, '250.2', '0.60247337', 139),
(9424, '260.4', '0.580511418', 139),
(9425, '270.6', '0.568569675', 139),
(9426, '280.8', '0.576617352', 139),
(9427, '291', '0.586359874', 139),
(9428, '301.2', '0.558334488', 139),
(9429, '311.4', '0.568392731', 139),
(9430, '321.6', '0.582080014', 139),
(9431, '331.8', '0.58192129', 139),
(9432, '342', '0.57918224', 139),
(9433, '352.2', '0.567234214', 139),
(9434, '362.4', '0.582871247', 139),
(9435, '372.6', '0.572876975', 139),
(9436, '382.8', '0.581908736', 139),
(9437, '393', '0.582287284', 139),
(9438, '403.2', '0.576573582', 139),
(9439, '413.4', '0.579219103', 139),
(9440, '423.6', '0.575833901', 139),
(9441, '433.8', '0.588235294', 139),
(9442, '444', '0.579806268', 139),
(9443, '454.2', '0.587356595', 139),
(9444, '464.4', '0.574893875', 139),
(9445, '474.6', '0.58568862', 139),
(9446, '484.8', '0.584864794', 139),
(9447, '495', '0.576930806', 139),
(9448, '505.2', '0.577765805', 139),
(9449, '515.4', '0.5786783', 139),
(9450, '525.6', '0.573176', 139),
(9451, '535.8', '0.56335527', 139),
(9452, '546', '0.584720601', 139),
(9453, '556.2', '0.586872112', 139),
(9454, '566.4', '0.567134085', 139),
(9455, '576.6', '0.566159521', 139),
(9456, '586.8', '0.58306718', 139),
(9457, '597', '0.574833436', 139),
(9458, '600', '0.589418131', 139),
(9459, '600', '0.643789328', 139),
(9460, '608.502', '0.614712701', 139),
(9461, '616.998', '0.66329638', 139),
(9462, '625.5', '0.605036366', 139),
(9463, '634.002', '0.684725287', 139),
(9464, '642.498', '0.621876445', 139),
(9465, '651', '0.612015722', 139),
(9466, '659.502', '0.661146141', 139),
(9467, '667.998', '0.682943186', 139),
(9468, '676.5', '0.621520169', 139),
(9469, '685.002', '0.637933618', 139),
(9470, '693.498', '0.626841012', 139),
(9471, '702', '0.665625565', 139),
(9472, '710.502', '0.610527178', 139),
(9473, '718.998', '0.670007071', 139),
(9474, '727.5', '0.683303365', 139),
(9475, '736.002', '0.647050393', 139),
(9476, '744.498', '0.706803314', 139),
(9477, '753', '0.705274933', 139),
(9478, '761.502', '0.683591489', 139),
(9479, '769.998', '0.635266128', 139),
(9480, '778.5', '0.601175743', 139),
(9481, '787.002', '0.691308722', 139),
(9482, '795.498', '0.624698013', 139),
(9483, '804', '0.654330841', 139),
(9484, '812.502', '0.704719028', 139),
(9485, '820.998', '0.712911087', 139),
(9486, '829.5', '0.707124891', 139),
(9487, '838.002', '0.703640463', 139),
(9488, '846.498', '0.636585104', 139),
(9489, '855', '0.648177182', 139),
(9490, '863.502', '0.684879206', 139),
(9491, '871.998', '0.705684799', 139),
(9492, '880.5', '0.648591145', 139),
(9493, '889.002', '0.65187511', 139),
(9494, '897.498', '0.694432971', 139),
(9495, '906', '0.702198352', 139),
(9496, '914.502', '0.686811737', 139),
(9497, '922.998', '0.703490654', 139),
(9498, '931.5', '0.688073394', 139),
(9499, '940.002', '0.71347064', 139),
(9500, '948.498', '0.647418472', 139),
(9501, '957', '0.704052878', 139),
(9502, '965.502', '0.703326439', 139),
(9503, '973.998', '0.657985695', 139),
(9504, '982.5', '0.657155346', 139);
INSERT INTO `measurements_data` (`id`, `res_time`, `result`, `measurement_id`) VALUES
(9505, '991.002', '0.659827566', 139),
(9506, '999.498', '0.680778287', 139),
(9507, '1008', '0.7232448', 139),
(9508, '1016.502', '0.681506058', 139),
(9509, '1024.998', '0.704665045', 139),
(9510, '1033.5', '0.63844511', 139),
(9511, '1042.002', '0.676910645', 139),
(9512, '1050.498', '0.671411035', 139),
(9513, '1059', '0.676813172', 139),
(9514, '1067.502', '0.682347086', 139),
(9515, '1075.998', '0.620360465', 139),
(9516, '1084.5', '0.715413729', 139),
(9517, '1093.002', '0.639175962', 139),
(9518, '1101.498', '0.659426616', 139),
(9519, '1110', '0.639654805', 139),
(9520, '1118.502', '0.643794157', 139),
(9521, '1126.998', '0.613833719', 139),
(9522, '1135.5', '0.712369139', 139),
(9523, '1144.002', '0.633397598', 139),
(9524, '1152.498', '0.703056308', 139),
(9525, '1161', '0.700192322', 139),
(9526, '1169.502', '0.624966909', 139),
(9527, '1177.998', '0.726456598', 139),
(9528, '1186.5', '0.72270628', 139),
(9529, '1195.002', '0.724359866', 139),
(9530, '1200', '0.699734708', 139),
(9531, '240', '0.652523069', 140),
(9532, '250.2', '0.659833933', 140),
(9533, '260.4', '0.650907622', 140),
(9534, '270.6', '0.658063403', 140),
(9535, '280.8', '0.654560354', 140),
(9536, '291', '0.655020633', 140),
(9537, '301.2', '0.661582236', 140),
(9538, '311.4', '0.6547238', 140),
(9539, '321.6', '0.66069869', 140),
(9540, '331.8', '0.66410107', 140),
(9541, '342', '0.658968096', 140),
(9542, '352.2', '0.658060886', 140),
(9543, '362.4', '0.650643537', 140),
(9544, '372.6', '0.658251316', 140),
(9545, '382.8', '0.652746483', 140),
(9546, '393', '0.668632191', 140),
(9547, '403.2', '0.6617068', 140),
(9548, '413.4', '0.65940613', 140),
(9549, '423.6', '0.656419805', 140),
(9550, '433.8', '0.663896242', 140),
(9551, '444', '0.664546333', 140),
(9552, '454.2', '0.667968676', 140),
(9553, '464.4', '0.667263927', 140),
(9554, '474.6', '0.667562704', 140),
(9555, '484.8', '0.667021781', 140),
(9556, '495', '0.67316613', 140),
(9557, '505.2', '0.668683896', 140),
(9558, '515.4', '0.668566497', 140),
(9559, '525.6', '0.668175791', 140),
(9560, '535.8', '0.668151691', 140),
(9561, '546', '0.677281078', 140),
(9562, '556.2', '0.666626881', 140),
(9563, '566.4', '0.680964959', 140),
(9564, '576.6', '0.675326862', 140),
(9565, '586.8', '0.681465092', 140),
(9566, '597', '0.68008159', 140),
(9567, '600', '0.673129622', 140),
(9568, '600', '0.691066888', 140),
(9569, '608.502', '0.685812246', 140),
(9570, '616.998', '0.694035902', 140),
(9571, '625.5', '0.696817619', 140),
(9572, '634.002', '0.688905211', 140),
(9573, '642.498', '0.684502833', 140),
(9574, '651', '0.693785455', 140),
(9575, '659.502', '0.689824036', 140),
(9576, '667.998', '0.691580339', 140),
(9577, '676.5', '0.691940943', 140),
(9578, '685.002', '0.692396984', 140),
(9579, '693.498', '0.686418591', 140),
(9580, '702', '0.697161748', 140),
(9581, '710.502', '0.700148024', 140),
(9582, '718.998', '0.698429662', 140),
(9583, '727.5', '0.699298056', 140),
(9584, '736.002', '0.685471316', 140),
(9585, '744.498', '0.681178785', 140),
(9586, '753', '0.696983339', 140),
(9587, '761.502', '0.693449193', 140),
(9588, '769.998', '0.687834701', 140),
(9589, '778.5', '0.673803057', 140),
(9590, '787.002', '0.6838115', 140),
(9591, '795.498', '0.681669852', 140),
(9592, '804', '0.687629595', 140),
(9593, '812.502', '0.717696104', 140),
(9594, '820.998', '0.691107979', 140),
(9595, '829.5', '0.699961024', 140),
(9596, '838.002', '0.703674098', 140),
(9597, '846.498', '0.697648016', 140),
(9598, '855', '0.701587997', 140),
(9599, '863.502', '0.701556997', 140),
(9600, '871.998', '0.703160393', 140),
(9601, '880.5', '0.70220516', 140),
(9602, '889.002', '0.704327812', 140),
(9603, '897.498', '0.703813817', 140),
(9604, '906', '0.704026772', 140),
(9605, '914.502', '0.701534957', 140),
(9606, '922.998', '0.699660665', 140),
(9607, '931.5', '0.701379298', 140),
(9608, '940.002', '0.701714667', 140),
(9609, '948.498', '0.707395252', 140),
(9610, '957', '0.706419776', 140),
(9611, '965.502', '0.699534292', 140),
(9612, '973.998', '0.705511556', 140),
(9613, '982.5', '0.705382211', 140),
(9614, '991.002', '0.708744395', 140),
(9615, '999.498', '0.703890951', 140),
(9616, '1008', '0.702753205', 140),
(9617, '1016.502', '0.705718838', 140),
(9618, '1024.998', '0.708080863', 140),
(9619, '1033.5', '0.710741506', 140),
(9620, '1042.002', '0.705664379', 140),
(9621, '1050.498', '0.715976267', 140),
(9622, '1059', '0.712900763', 140),
(9623, '1067.502', '0.704841841', 140),
(9624, '1075.998', '0.715183516', 140),
(9625, '1084.5', '0.712222322', 140),
(9626, '1093.002', '0.711485232', 140),
(9627, '1101.498', '0.709401271', 140),
(9628, '1110', '0.711087866', 140),
(9629, '1118.502', '0.712324853', 140),
(9630, '1126.998', '0.71167412', 140),
(9631, '1135.5', '0.713208176', 140),
(9632, '1144.002', '0.708163377', 140),
(9633, '1152.498', '0.717531756', 140),
(9634, '1161', '0.710807819', 140),
(9635, '1169.502', '0.709029333', 140),
(9636, '1177.998', '0.711233057', 140),
(9637, '1186.5', '0.712282425', 140),
(9638, '1195.002', '0.721709651', 140),
(9639, '1200', '0.711999118', 140),
(9640, '240', '0.784399445', 141),
(9641, '250.2', '0.784890439', 141),
(9642, '260.4', '0.78601614', 141),
(9643, '270.6', '0.790118966', 141),
(9644, '280.8', '0.789581853', 141),
(9645, '291', '0.788422888', 141),
(9646, '301.2', '0.790619297', 141),
(9647, '311.4', '0.788716162', 141),
(9648, '321.6', '0.789695251', 141),
(9649, '331.8', '0.789364531', 141),
(9650, '342', '0.791911777', 141),
(9651, '352.2', '0.790004337', 141),
(9652, '362.4', '0.790574649', 141),
(9653, '372.6', '0.793406521', 141),
(9654, '382.8', '0.78820012', 141),
(9655, '393', '0.791217347', 141),
(9656, '403.2', '0.792422879', 141),
(9657, '413.4', '0.792038841', 141),
(9658, '423.6', '0.791271222', 141),
(9659, '433.8', '0.791776957', 141),
(9660, '444', '0.792837612', 141),
(9661, '454.2', '0.795116982', 141),
(9662, '464.4', '0.794007416', 141),
(9663, '474.6', '0.78607386', 141),
(9664, '484.8', '0.795509695', 141),
(9665, '495', '0.794536094', 141),
(9666, '505.2', '0.794324925', 141),
(9667, '515.4', '0.795286173', 141),
(9668, '525.6', '0.794666974', 141),
(9669, '535.8', '0.79748271', 141),
(9670, '546', '0.799045481', 141),
(9671, '556.2', '0.799272443', 141),
(9672, '566.4', '0.79832686', 141),
(9673, '576.6', '0.797336042', 141),
(9674, '586.8', '0.796484523', 141),
(9675, '597', '0.800152464', 141),
(9676, '600', '0.798275047', 141),
(9677, '600', '0.804403646', 141),
(9678, '608.502', '0.805360785', 141),
(9679, '616.998', '0.801202136', 141),
(9680, '625.5', '0.803136556', 141),
(9681, '634.002', '0.806286395', 141),
(9682, '642.498', '0.80545057', 141),
(9683, '651', '0.80565305', 141),
(9684, '659.502', '0.804403814', 141),
(9685, '667.998', '0.806555869', 141),
(9686, '676.5', '0.805680012', 141),
(9687, '685.002', '0.803651463', 141),
(9688, '693.498', '0.804565492', 141),
(9689, '702', '0.805255987', 141),
(9690, '710.502', '0.807214161', 141),
(9691, '718.998', '0.806481026', 141),
(9692, '727.5', '0.808285682', 141),
(9693, '736.002', '0.805425722', 141),
(9694, '744.498', '0.80746023', 141),
(9695, '753', '0.808272727', 141),
(9696, '761.502', '0.808232071', 141),
(9697, '769.998', '0.807589997', 141),
(9698, '778.5', '0.807400728', 141),
(9699, '787.002', '0.806537214', 141),
(9700, '795.498', '0.806860748', 141),
(9701, '804', '0.812292934', 141),
(9702, '812.502', '0.813287806', 141),
(9703, '820.998', '0.809607792', 141),
(9704, '829.5', '0.809143009', 141),
(9705, '838.002', '0.811237113', 141),
(9706, '846.498', '0.813675132', 141),
(9707, '855', '0.810507369', 141),
(9708, '863.502', '0.811676351', 141),
(9709, '871.998', '0.807637536', 141),
(9710, '880.5', '0.815627833', 141),
(9711, '889.002', '0.807875918', 141),
(9712, '897.498', '0.814131398', 141),
(9713, '906', '0.810534915', 141),
(9714, '914.502', '0.811632769', 141),
(9715, '922.998', '0.811712428', 141),
(9716, '931.5', '0.816512878', 141),
(9717, '940.002', '0.812329057', 141),
(9718, '948.498', '0.813311256', 141),
(9719, '957', '0.813755691', 141),
(9720, '965.502', '0.815306915', 141),
(9721, '973.998', '0.814191613', 141),
(9722, '982.5', '0.81308859', 141),
(9723, '991.002', '0.811575419', 141),
(9724, '999.498', '0.816572505', 141),
(9725, '1008', '0.817804562', 141),
(9726, '1016.502', '0.817992287', 141),
(9727, '1024.998', '0.812731433', 141),
(9728, '1033.5', '0.816335062', 141),
(9729, '1042.002', '0.812919713', 141),
(9730, '1050.498', '0.816213071', 141),
(9731, '1059', '0.816006514', 141),
(9732, '1067.502', '0.816361448', 141),
(9733, '1075.998', '0.81386011', 141),
(9734, '1084.5', '0.814877683', 141),
(9735, '1093.002', '0.814751142', 141),
(9736, '1101.498', '0.817202073', 141),
(9737, '1110', '0.815425463', 141),
(9738, '1118.502', '0.817623838', 141),
(9739, '1126.998', '0.816273427', 141),
(9740, '1135.5', '0.817556072', 141),
(9741, '1144.002', '0.81734567', 141),
(9742, '1152.498', '0.820038063', 141),
(9743, '1161', '0.818087234', 141),
(9744, '1169.502', '0.820792762', 141),
(9745, '1177.998', '0.814941211', 141),
(9746, '1186.5', '0.817516256', 141),
(9747, '1195.002', '0.818783433', 141),
(9748, '1200', '0.820689655', 141),
(9749, '240', '0.652523', 142),
(9750, '250.2', '0.659834', 142),
(9751, '260.4', '0.650908', 142),
(9752, '270.6', '0.658063', 142),
(9753, '280.8', '0.65456', 142),
(9754, '291', '0.655021', 142),
(9755, '301.2', '0.661582', 142),
(9756, '311.4', '0.654724', 142),
(9757, '321.6', '0.660699', 142),
(9758, '331.8', '0.664101', 142),
(9759, '342', '0.658968', 142),
(9760, '352.2', '0.658061', 142),
(9761, '362.4', '0.650644', 142),
(9762, '372.6', '0.658251', 142),
(9763, '382.8', '0.652746', 142),
(9764, '393', '0.668632', 142),
(9765, '403.2', '0.661707', 142),
(9766, '413.4', '0.659406', 142),
(9767, '423.6', '0.65642', 142),
(9768, '433.8', '0.663896', 142),
(9769, '444', '0.664546', 142),
(9770, '454.2', '0.667969', 142),
(9771, '464.4', '0.667264', 142),
(9772, '474.6', '0.667563', 142),
(9773, '484.8', '0.667022', 142),
(9774, '495', '0.673166', 142),
(9775, '505.2', '0.668684', 142),
(9776, '515.4', '0.668566', 142),
(9777, '525.6', '0.668176', 142),
(9778, '535.8', '0.668152', 142),
(9779, '546', '0.677281', 142),
(9780, '556.2', '0.666627', 142),
(9781, '566.4', '0.680965', 142),
(9782, '576.6', '0.675327', 142),
(9783, '586.8', '0.681465', 142),
(9784, '597', '0.680082', 142),
(9785, '600', '0.67313', 142),
(9786, '600', '0.691067', 142),
(9787, '608.502', '0.685812', 142),
(9788, '616.998', '0.694036', 142),
(9789, '625.5', '0.696818', 142),
(9790, '634.002', '0.688905', 142),
(9791, '642.498', '0.684503', 142),
(9792, '651', '0.693785', 142),
(9793, '659.502', '0.689824', 142),
(9794, '667.998', '0.69158', 142),
(9795, '676.5', '0.691941', 142),
(9796, '685.002', '0.692397', 142),
(9797, '693.498', '0.686419', 142),
(9798, '702', '0.697162', 142),
(9799, '710.502', '0.700148', 142),
(9800, '718.998', '0.69843', 142),
(9801, '727.5', '0.699298', 142),
(9802, '736.002', '0.685471', 142),
(9803, '744.498', '0.681179', 142),
(9804, '753', '0.696983', 142),
(9805, '761.502', '0.693449', 142),
(9806, '769.998', '0.687835', 142),
(9807, '778.5', '0.673803', 142),
(9808, '787.002', '0.683812', 142),
(9809, '795.498', '0.68167', 142),
(9810, '804', '0.68763', 142),
(9811, '812.502', '0.717696', 142),
(9812, '820.998', '0.691108', 142),
(9813, '829.5', '0.699961', 142),
(9814, '838.002', '0.703674', 142),
(9815, '846.498', '0.697648', 142),
(9816, '855', '0.701588', 142),
(9817, '863.502', '0.701557', 142),
(9818, '871.998', '0.70316', 142),
(9819, '880.5', '0.702205', 142),
(9820, '889.002', '0.704328', 142),
(9821, '897.498', '0.703814', 142),
(9822, '906', '0.704027', 142),
(9823, '914.502', '0.701535', 142),
(9824, '922.998', '0.699661', 142),
(9825, '931.5', '0.701379', 142),
(9826, '940.002', '0.701715', 142),
(9827, '948.498', '0.707395', 142),
(9828, '957', '0.70642', 142),
(9829, '965.502', '0.699534', 142),
(9830, '973.998', '0.705512', 142),
(9831, '982.5', '0.705382', 142),
(9832, '991.002', '0.708744', 142),
(9833, '999.498', '0.703891', 142),
(9834, '1008', '0.702753', 142),
(9835, '1016.502', '0.705719', 142),
(9836, '1024.998', '0.708081', 142),
(9837, '1033.5', '0.710742', 142),
(9838, '1042.002', '0.705664', 142),
(9839, '1050.498', '0.715976', 142),
(9840, '1059', '0.712901', 142),
(9841, '1067.502', '0.704842', 142),
(9842, '1075.998', '0.715184', 142),
(9843, '1084.5', '0.712222', 142),
(9844, '1093.002', '0.711485', 142),
(9845, '1101.498', '0.709401', 142),
(9846, '1110', '0.711088', 142),
(9847, '1118.502', '0.712325', 142),
(9848, '1126.998', '0.711674', 142),
(9849, '1135.5', '0.713208', 142),
(9850, '1144.002', '0.708163', 142),
(9851, '1152.498', '0.717532', 142),
(9852, '1161', '0.710808', 142),
(9853, '1169.502', '0.709029', 142),
(9854, '1177.998', '0.711233', 142),
(9855, '1186.5', '0.712282', 142),
(9856, '1195.002', '0.72171', 142),
(9857, '1200', '0.711999', 142),
(9858, '240', '0.705580826', 143),
(9859, '250.2', '0.707585758', 143),
(9860, '260.4', '0.704070448', 143),
(9861, '270.6', '0.705970588', 143),
(9862, '280.8', '0.712287091', 143),
(9863, '291', '0.70926357', 143),
(9864, '301.2', '0.704012039', 143),
(9865, '311.4', '0.706188107', 143),
(9866, '321.6', '0.710709344', 143),
(9867, '331.8', '0.708749962', 143),
(9868, '342', '0.708831467', 143),
(9869, '352.2', '0.70759868', 143),
(9870, '362.4', '0.707429555', 143),
(9871, '372.6', '0.708489813', 143),
(9872, '382.8', '0.70616053', 143),
(9873, '393', '0.712925728', 143),
(9874, '403.2', '0.714437213', 143),
(9875, '413.4', '0.714367156', 143),
(9876, '423.6', '0.713782803', 143),
(9877, '433.8', '0.711299514', 143),
(9878, '444', '0.717288104', 143),
(9879, '454.2', '0.712106538', 143),
(9880, '464.4', '0.714190302', 143),
(9881, '474.6', '0.716618708', 143),
(9882, '484.8', '0.713763699', 143),
(9883, '495', '0.715323953', 143),
(9884, '505.2', '0.719014572', 143),
(9885, '515.4', '0.719515253', 143),
(9886, '525.6', '0.715115134', 143),
(9887, '535.8', '0.720023274', 143),
(9888, '546', '0.739324083', 143),
(9889, '556.2', '0.723863532', 143),
(9890, '566.4', '0.725980857', 143),
(9891, '576.6', '0.724113595', 143),
(9892, '586.8', '0.722800651', 143),
(9893, '597', '0.723299991', 143),
(9894, '600', '0.724013655', 143),
(9895, '600', '0.72822187', 143),
(9896, '608.502', '0.731516236', 143),
(9897, '616.998', '0.728514358', 143),
(9898, '625.5', '0.726872957', 143),
(9899, '634.002', '0.727582158', 143),
(9900, '642.498', '0.732885741', 143),
(9901, '651', '0.729793286', 143),
(9902, '659.502', '0.729952471', 143),
(9903, '667.998', '0.729543342', 143),
(9904, '676.5', '0.730373594', 143),
(9905, '685.002', '0.735445284', 143),
(9906, '693.498', '0.724886427', 143),
(9907, '702', '0.722017013', 143),
(9908, '710.502', '0.721443875', 143),
(9909, '718.998', '0.718797115', 143),
(9910, '727.5', '0.720186127', 143),
(9911, '736.002', '0.742813364', 143),
(9912, '744.498', '0.734335369', 143),
(9913, '753', '0.728100357', 143),
(9914, '761.502', '0.728538784', 143),
(9915, '769.998', '0.725321387', 143),
(9916, '778.5', '0.727140082', 143),
(9917, '787.002', '0.731774403', 143),
(9918, '795.498', '0.73158664', 143),
(9919, '804', '0.731516381', 143),
(9920, '812.502', '0.729767016', 143),
(9921, '820.998', '0.73086121', 143),
(9922, '829.5', '0.72986613', 143),
(9923, '838.002', '0.733326124', 143),
(9924, '846.498', '0.735915857', 143),
(9925, '855', '0.730181413', 143),
(9926, '863.502', '0.741845216', 143),
(9927, '871.998', '0.736546309', 143),
(9928, '880.5', '0.73005905', 143),
(9929, '889.002', '0.732615796', 143),
(9930, '897.498', '0.732052912', 143),
(9931, '906', '0.729194758', 143),
(9932, '914.502', '0.733126637', 143),
(9933, '922.998', '0.735240403', 143),
(9934, '931.5', '0.730452412', 143),
(9935, '940.002', '0.736682581', 143),
(9936, '948.498', '0.723932632', 143),
(9937, '957', '0.734225378', 143),
(9938, '965.502', '0.742199465', 143),
(9939, '973.998', '0.740530721', 143),
(9940, '982.5', '0.736829241', 143),
(9941, '991.002', '0.742105917', 143),
(9942, '999.498', '0.739449284', 143),
(9943, '1008', '0.733337553', 143),
(9944, '1016.502', '0.737881288', 143),
(9945, '1024.998', '0.73925486', 143),
(9946, '1033.5', '0.740169397', 143),
(9947, '1042.002', '0.737282329', 143),
(9948, '1050.498', '0.741779533', 143),
(9949, '1059', '0.740743629', 143),
(9950, '1067.502', '0.739156701', 143),
(9951, '1075.998', '0.739178562', 143),
(9952, '1084.5', '0.736903845', 143),
(9953, '1093.002', '0.727588753', 143),
(9954, '1101.498', '0.738352114', 143),
(9955, '1110', '0.739727607', 143),
(9956, '1118.502', '0.742075775', 143),
(9957, '1126.998', '0.739398957', 143),
(9958, '1135.5', '0.740939913', 143),
(9959, '1144.002', '0.734307116', 143),
(9960, '1152.498', '0.743405973', 143),
(9961, '1161', '0.747326757', 143),
(9962, '1169.502', '0.740891115', 143),
(9963, '1177.998', '0.743493833', 143),
(9964, '1186.5', '0.74292578', 143),
(9965, '1195.002', '0.742780666', 143),
(9966, '1200', '0.740670902', 143),
(9967, '240', '0.506388248', 144),
(9968, '250.2', '0.508510747', 144),
(9969, '260.4', '0.501944739', 144),
(9970, '270.6', '0.507743099', 144),
(9971, '280.8', '0.508818432', 144),
(9972, '291', '0.501627966', 144),
(9973, '301.2', '0.500285225', 144),
(9974, '311.4', '0.505741398', 144),
(9975, '321.6', '0.504083214', 144),
(9976, '331.8', '0.502418734', 144),
(9977, '342', '0.503065834', 144),
(9978, '352.2', '0.504466039', 144),
(9979, '362.4', '0.505929768', 144),
(9980, '372.6', '0.50159784', 144),
(9981, '382.8', '0.508062446', 144),
(9982, '393', '0.50837163', 144),
(9983, '403.2', '0.508349594', 144),
(9984, '413.4', '0.505169091', 144),
(9985, '423.6', '0.510625321', 144),
(9986, '433.8', '0.506025874', 144),
(9987, '444', '0.508005548', 144),
(9988, '454.2', '0.51079961', 144),
(9989, '464.4', '0.512972235', 144),
(9990, '474.6', '0.519282933', 144),
(9991, '484.8', '0.51147262', 144),
(9992, '495', '0.5180967', 144),
(9993, '505.2', '0.497059134', 144),
(9994, '515.4', '0.512719328', 144),
(9995, '525.6', '0.511403976', 144),
(9996, '535.8', '0.520032559', 144),
(9997, '546', '0.521270998', 144),
(9998, '556.2', '0.517987068', 144),
(9999, '566.4', '0.514713028', 144),
(10000, '576.6', '0.509319745', 144),
(10001, '586.8', '0.524935004', 144),
(10002, '597', '0.51713617', 144),
(10003, '600', '0.52185261', 144),
(10004, '600', '0.531544828', 144),
(10005, '608.502', '0.528602179', 144),
(10006, '616.998', '0.518286983', 144),
(10007, '625.5', '0.527686367', 144),
(10008, '634.002', '0.528939741', 144),
(10009, '642.498', '0.528842105', 144),
(10010, '651', '0.523605806', 144),
(10011, '659.502', '0.516884839', 144),
(10012, '667.998', '0.530036422', 144),
(10013, '676.5', '0.531473135', 144),
(10014, '685.002', '0.526690571', 144),
(10015, '693.498', '0.52770384', 144),
(10016, '702', '0.530889803', 144),
(10017, '710.502', '0.525979409', 144),
(10018, '718.998', '0.526572537', 144),
(10019, '727.5', '0.527055124', 144),
(10020, '736.002', '0.519678368', 144),
(10021, '744.498', '0.533234939', 144),
(10022, '753', '0.529064763', 144),
(10023, '761.502', '0.525699036', 144),
(10024, '769.998', '0.533432458', 144),
(10025, '778.5', '0.528865016', 144),
(10026, '787.002', '0.529754104', 144),
(10027, '795.498', '0.528231465', 144),
(10028, '804', '0.527493058', 144),
(10029, '812.502', '0.525923805', 144),
(10030, '820.998', '0.527067708', 144),
(10031, '829.5', '0.528583714', 144),
(10032, '838.002', '0.538876156', 144),
(10033, '846.498', '0.53649743', 144),
(10034, '855', '0.524938017', 144),
(10035, '863.502', '0.53133664', 144),
(10036, '871.998', '0.534585523', 144),
(10037, '880.5', '0.533618414', 144),
(10038, '889.002', '0.535202419', 144),
(10039, '897.498', '0.533426871', 144),
(10040, '906', '0.545056266', 144),
(10041, '914.502', '0.549342317', 144),
(10042, '922.998', '0.545473392', 144),
(10043, '931.5', '0.550363451', 144),
(10044, '940.002', '0.558949113', 144),
(10045, '948.498', '0.555655839', 144),
(10046, '957', '0.56984365', 144),
(10047, '965.502', '0.569274426', 144),
(10048, '973.998', '0.551288515', 144),
(10049, '982.5', '0.544818972', 144),
(10050, '991.002', '0.57535625', 144),
(10051, '999.498', '0.570307117', 144),
(10052, '1008', '0.578907792', 144),
(10053, '1016.502', '0.585563747', 144),
(10054, '1024.998', '0.592689011', 144),
(10055, '1033.5', '0.609687785', 144),
(10056, '1042.002', '0.611723311', 144),
(10057, '1050.498', '0.613443133', 144),
(10058, '1059', '0.602734643', 144),
(10059, '1067.502', '0.601043291', 144),
(10060, '1075.998', '0.605445558', 144),
(10061, '1084.5', '0.601944735', 144),
(10062, '1093.002', '0.600740003', 144),
(10063, '1101.498', '0.600839858', 144),
(10064, '1110', '0.59727608', 144),
(10065, '1118.502', '0.597201712', 144),
(10066, '1126.998', '0.596304669', 144),
(10067, '1135.5', '0.5995693', 144),
(10068, '1144.002', '0.598048285', 144),
(10069, '1152.498', '0.590083866', 144),
(10070, '1161', '0.596745813', 144),
(10071, '1169.502', '0.598319231', 144),
(10072, '1177.998', '0.595767683', 144),
(10073, '1186.5', '0.594570527', 144),
(10074, '1195.002', '0.597221619', 144),
(10075, '1200', '0.591575591', 144);

-- --------------------------------------------------------

--
-- Table structure for table `measurements_device`
--

CREATE TABLE `measurements_device` (
  `id` int(11) NOT NULL,
  `company` varchar(127) CHARACTER SET utf8 NOT NULL,
  `model` varchar(127) CHARACTER SET utf8 NOT NULL
) ENGINE=InnoDB DEFAULT CHARSET=utf8mb4;

--
-- Dumping data for table `measurements_device`
--

INSERT INTO `measurements_device` (`id`, `company`, `model`) VALUES
(1, 'Agilant', 'NMR'),
(2, 'Agilant', 'NMR');

-- --------------------------------------------------------

--
-- Table structure for table `measurements_GPC_data`
--

CREATE TABLE `measurements_GPC_data` (
  `id` int(11) NOT NULL,
  `tres_GPC` longtext NOT NULL,
  `D` longtext NOT NULL,
  `Mn` longtext NOT NULL,
  `Mn theory` longtext NOT NULL,
  `Mw` longtext NOT NULL,
  `measurement_id` int(11) NOT NULL
) ENGINE=InnoDB DEFAULT CHARSET=utf8mb4;

--
-- Dumping data for table `measurements_GPC_data`
--

INSERT INTO `measurements_GPC_data` (`id`, `tres_GPC`, `D`, `Mn`, `Mn theory`, `Mw`, `measurement_id`) VALUES
(55, '4', '1.179', '561.3', '-7.35e16', '661.7', 95),
(56, '7', '1.202', '575.3', '-6.53e16', '691.5', 95),
(57, '10', '1.238', '576.4', '-5.17e16', '713.7', 95),
(58, '10', '1.163', '575.3', '-4.65e16', '669', 95),
(59, '12.5', 'GPC expected', 'GPC expected', '-4.2e16', 'GPC expected', 95),
(60, '15', 'GPC expected', 'GPC expected', '-3.99e16', 'GPC expected', 95),
(61, '17.5', 'GPC expected', 'GPC expected', '-3.53e16', 'GPC expected', 95),
(62, '20', 'GPC expected', 'GPC expected', '-3.21e16', 'GPC expected', 95),
(63, '4', '1.347', '1009', '-572733253', '1359', 96),
(64, '7', 'GPC expected', 'GPC expected', '-523699142', 'GPC expected', 96),
(65, '10', '1.313', '1070', '-460361816', '1405', 96),
(66, '10', '1.313', '1092', '-429057925', '1434', 96),
(67, '12.5', '1.322', '1115', '-409921007', '1474', 96),
(68, '15', '1.314', '1090', '-389517369', '1432', 96),
(69, '17.5', 'GPC expected', 'GPC expected', '-364354979', 'GPC expected', 96),
(70, '20', 'GPC expected', 'GPC expected', '-350912524', 'GPC expected', 96),
(71, '4', '1.847', '1568', '-690234182', '2897', 97),
(72, '7.3333', '1.438', '1702', '-650512796', '2447', 97),
(73, '10.6667', '1.426', '1670', '-602739965', '2382', 97),
(74, '12', '1.407', '1747', '-594931376', '2458', 97),
(75, '12', '1.446', '1735', '-556289457', '2508', 97),
(76, '15', '1.969', '1006', '-542363927', '1981', 97),
(77, '18', '1.452', '1806', '-512243310', '2622', 97),
(78, '21', '1.748', '1426', '-486196412', '2493', 97),
(79, '24', 'GPC expected', 'GPC expected', '-473631091', 'GPC expected', 97),
(80, '27', 'GPC expected', 'GPC expected', '-430602191', 'GPC expected', 97),
(81, '30', 'GPC expected', 'GPC expected', '-434426738', 'GPC expected', 97),
(82, '4', '1.244', '721.2', '-558852000000', '897.2', 98),
(83, '7.3333', '1.272', '736.9', '-509976000000', '937.4', 98),
(84, '10.6667', '1.231', '741.6', '-433854000000', '913.1', 98),
(85, '12', 'GPC expected', 'GPC expected', '-407108000000', 'GPC expected', 98),
(86, '12', '1.229', '757.4', '-353346000000', '931.1', 98),
(87, '15', '1.221', '774.6', '-346094000000', '946.1', 98),
(88, '18', '1.297', '762.6', '-308036000000', '988.8', 98),
(89, '21', '1.232', '777.1', '-292132000000', '957.7', 98),
(90, '24', 'GPC expected', 'GPC expected', '-259122000000', 'GPC expected', 98),
(91, '27', 'GPC expected', 'GPC expected', '-244738000000', 'GPC expected', 98),
(92, '30', 'GPC expected', 'GPC expected', '-229201000000', 'GPC expected', 98),
(93, '4', '2.215', '657.8', '-12900000000000', '1457', 99),
(94, '7', '2.74', '672.6', '-11400000000000', '1843', 99),
(95, '10', '3.046', '658.6', '-10200000000000', '2006', 99),
(96, '10', '3.166', '779.2', '-10400000000000', '2467', 99),
(97, '12.5', '3.241', '740.2', '-9940000000000', '2399', 99),
(98, '15', '3.208', '772.5', '-9760000000000', '2478', 99),
(99, '17.5', 'GPC expected', 'GPC expected', '-9440000000000', 'GPC expected', 99),
(100, '20', 'GPC expected', 'GPC expected', '-9680000000000', 'GPC expected', 99),
(101, '4', '4.314', '1234', '1970000000000', '5324', 100),
(102, '7', '3.685', '1515', '1360000000000', '5584', 100),
(103, '10', '3.804', '1531', '985000000000', '5822', 100),
(104, '10', '3.488', '1883', '881000000000', '6567', 100),
(105, '12.5', '3.873', '1732', '806000000000', '6710', 100),
(106, '15', '4.124', '1608', '823000000000', '6633', 100),
(107, '17.5', 'GPC expected', 'GPC expected', '728000000000', 'GPC expected', 100),
(108, '20', 'GPC expected', 'GPC expected', '687000000000', 'GPC expected', 100),
(109, '4', '1.095', '6702', '-1370000000000', '7335', 101),
(110, '7', '1.096', '6699', '-1220000000000', '7341', 101),
(111, '10', '1.101', '6894', '-1070000000000', '7588', 101),
(112, '10', '1.125', '6544', '-1060000000000', '7364', 101),
(113, '12.5', '1.178', '6338', '-1060000000000', '7467', 101),
(114, '15', '2.262', '3188', '-1020000000000', '7213', 101),
(115, '17.5', 'GPC expected', 'GPC expected', '-968000000000', 'GPC expected', 101),
(116, '20', 'GPC expected', 'GPC expected', '-976000000000', 'GPC expected', 101),
(117, '4', 'GPC expected', 'GPC expected', '-1916822275', 'GPC expected', 102),
(118, '7', 'GPC expected', 'GPC expected', '-1178767272', 'GPC expected', 102),
(119, '10', 'GPC expected', 'GPC expected', '-705600391', 'GPC expected', 102),
(120, '10', 'GPC expected', 'GPC expected', '-340097611', 'GPC expected', 102),
(121, '12.5', 'GPC expected', 'GPC expected', '-323550803', 'GPC expected', 102),
(122, '15', 'GPC expected', 'GPC expected', '-214237131', 'GPC expected', 102),
(123, '17.5', 'GPC expected', 'GPC expected', '59170002', 'GPC expected', 102),
(124, '20', 'GPC expected', 'GPC expected', '32354829', 'GPC expected', 102),
(125, '4', '1.298', '694.5', '-158235', '901.3', 118),
(126, '7', '1.326', '652.9', '-152278', '865.8', 118),
(127, '10', '1.359', '649.4', '-162446', '882.3', 118),
(128, '10', '3.679', '797.9', '-148070', '2936', 118),
(129, '12.5', '1.272', '637.5', '-154620', '811.1', 118),
(130, '15', '1.278', '630.3', '-306794', '805.6', 118),
(131, '17.5', 'GPC expected', 'GPC expected', '-133702', 'GPC expected', 118),
(132, '20', 'GPC expected', 'GPC expected', '-126353', 'GPC expected', 118),
(133, '4', '1.298', '694.5', '-158235', '901.3', 118),
(134, '7', '1.326', '652.9', '-152278', '865.8', 118),
(135, '10', '1.359', '649.4', '-162446', '882.3', 118),
(136, '10', '3.679', '797.9', '-148070', '2936', 118),
(137, '12.5', '1.272', '637.5', '-154620', '811.1', 118),
(138, '15', '1.278', '630.3', '-306794', '805.6', 118),
(139, '17.5', 'GPC expected', 'GPC expected', '-133702', 'GPC expected', 118),
(140, '20', 'GPC expected', 'GPC expected', '-126353', 'GPC expected', 118),
(141, '4', '1.388', '1474', '-117058', '2046', 120),
(142, '7', '1.427', '1341', '-109177', '1913', 120),
(143, '10', '1.431', '1271', '-105630', '1819', 120),
(144, '10', '1.333', '1305', '-96630', '1739', 120),
(145, '12.5', '1.367', '1356', '-97422', '1854', 120),
(146, '15', '1.352', '1343', '-98275', '1816', 120),
(147, '17.5', '1.345', '1259', '-93496', '1692', 120),
(148, '20', '1.342', '1292', '-99650', '1734', 120),
(149, '4', 'GPC expected', 'GPC expected', '-69637', 'GPC expected', 121),
(150, '7', 'GPC expected', 'GPC expected', '-177257', 'GPC expected', 121),
(151, '10', 'GPC expected', 'GPC expected', '-163456', 'GPC expected', 121),
(152, '4', 'GPC expected', 'GPC expected', '-215000000000', 'GPC expected', 122),
(153, '8.2', 'GPC expected', 'GPC expected', '-550000000000', 'GPC expected', 122),
(154, '10', 'GPC expected', 'GPC expected', '-150000000000', 'GPC expected', 122),
(155, '4', '1.489', '827.7', '-11506469223', '1233', 123),
(156, '8.2', '1.495', '798.1', '-9805351879', '1193', 123),
(157, '10', '1.479', '780.2', '-9618133551', '1154', 123),
(158, '10', '1.452', '876', '-9253918919', '1272', 123),
(159, '13.5', '1.371', '857.6', '-8781210727', '1176', 123),
(160, '17', 'GPC expected', 'GPC expected', '-8538267009', 'GPC expected', 123),
(161, '20', 'GPC expected', 'GPC expected', '-8474836332', 'GPC expected', 123),
(162, '4', '1.418', '809.2', '-14544786108', '1147', 124),
(163, '8.2', '1.415', '732.7', '-11165963572', '1037', 124),
(164, '10', '1.398', '722', '-10239081168', '1009', 124),
(165, '10', '1.365', '734.3', '-10233044480', '1002', 124),
(166, '13.5', 'GPC expected', 'GPC expected', '-9748575132', 'GPC expected', 124),
(167, '17', 'GPC expected', 'GPC expected', '-9714696889', 'GPC expected', 124),
(168, '20', 'GPC expected', 'GPC expected', '-9986929414', 'GPC expected', 124),
(169, '4', '1.418', '809.2', '-14544786108', '1147', 124),
(170, '8.2', '1.415', '732.7', '-11165963572', '1037', 124),
(171, '10', '1.398', '722', '-10239081168', '1009', 124),
(172, '10', '1.365', '734.3', '-10233044480', '1002', 124),
(173, '13.5', 'GPC expected', 'GPC expected', '-9748575132', 'GPC expected', 124),
(174, '17', 'GPC expected', 'GPC expected', '-9714696889', 'GPC expected', 124),
(175, '20', 'GPC expected', 'GPC expected', '-9986929414', 'GPC expected', 124),
(176, '4', '1.607', '600.9', '-14629376329', '965.4', 126),
(177, '7', '1.586', '627.8', '-13332180487', '995.9', 126),
(178, '10', '1.567', '637.6', '-12048799994', '999.3', 126),
(179, '10', '1.589', '682.6', '-11781141565', '1085', 126),
(180, '12.5', '1.533', '672.5', '-11999794131', '1031', 126),
(181, '15', 'GPC expected', 'GPC expected', '-11635041275', 'GPC expected', 126),
(182, '17.5', 'GPC expected', 'GPC expected', '-11026534138', 'GPC expected', 126),
(183, '20', 'GPC expected', 'GPC expected', '-10881511639', 'GPC expected', 126),
(184, '4', '2.158', '564.8', '-1320000000000', '1219', 127),
(185, '7', '2.1', '625.2', '-1300000000000', '1313', 127),
(186, '10', '2.07', '639.7', '-1130000000000', '1324', 127),
(187, '10', '2.039', '696.4', '-1060000000000', '1420', 127),
(188, '12.5', '1.943', '738.4', '-1050000000000', '1435', 127),
(189, '15', 'GPC expected', 'GPC expected', '-1050000000000', 'GPC expected', 127),
(190, '17.5', 'GPC expected', 'GPC expected', '-1030000000000', 'GPC expected', 127),
(191, '20', 'GPC expected', 'GPC expected', '-1000000000000', 'GPC expected', 127),
(192, '4', '1.469', '1037', '-12004339547', '1523', 128),
(193, '7', '1.444', '1064', '-10985171611', '1536', 128),
(194, '10', '1.443', '1081', '-9834497084', '1559', 128),
(195, '10', '1.4', '1114', '-9724908734', '1559', 128),
(196, '12.5', '1.36', '1108', '-9853876093', '1506', 128),
(197, '15', 'GPC expected', 'GPC expected', '-9237740560', 'GPC expected', 128),
(198, '17.5', 'GPC expected', 'GPC expected', '-9281086990', 'GPC expected', 128),
(199, '20', 'GPC expected', 'GPC expected', '-8541960736', 'GPC expected', 128),
(200, '4', '1.462', '1768', '-15067270393', '2586', 129),
(201, '7', '1.439', '1809', '-14719815252', '2604', 129),
(202, '10', '1.446', '1763', '-13356154635', '2549', 129),
(203, '10', '1.458', '1769', '-12661103121', '2578', 129),
(204, '12.5', 'GPC expected', 'GPC expected', '-12588701411', 'GPC expected', 129),
(205, '15', 'GPC expected', 'GPC expected', '-11906738101', 'GPC expected', 129),
(206, '17.5', 'GPC expected', 'GPC expected', '-11682964313', 'GPC expected', 129),
(207, '20', 'GPC expected', 'GPC expected', '-11088471924', 'GPC expected', 129),
(208, '4', '1.356', '4012', '-15740715788', '5439', 130),
(209, '7', '1.532', '2609', '-14276541428', '3996', 130),
(210, '10', '1.443', '3184', '-12667933474', '4594', 130),
(211, '10', '1.416', '3360', '-12033515721', '4758', 130),
(212, '12.5', '1.462', '2999', '-11472896928', '4385', 130),
(213, '15', '1.402', '2837', '-11464379892', '3977', 130),
(214, '17.5', 'GPC expected', 'GPC expected', '-11033101066', 'GPC expected', 130),
(215, '20', 'GPC expected', 'GPC expected', '-11309067715', 'GPC expected', 130),
(216, '4', '1.607', '600.9', '-14629376329', '965.4', 131),
(217, '7', '1.586', '627.8', '-13332180487', '995.9', 131),
(218, '10', '1.567', '637.6', '-12048799994', '999.3', 131),
(219, '10', '1.589', '682.6', '-11781141565', '1085', 131),
(220, '12.5', '1.533', '672.5', '-11999794131', '1031', 131),
(221, '15', 'GPC expected', 'GPC expected', '-11635041275', 'GPC expected', 131),
(222, '17.5', 'GPC expected', 'GPC expected', '-11026534138', 'GPC expected', 131),
(223, '20', 'GPC expected', 'GPC expected', '-10881511639', 'GPC expected', 131),
(224, '1', '2.287', '1431', '-10490', '3273', 132),
(225, '5.6667', '1.901', '8714', '-10210', '16570', 132),
(226, '10.3333', '1.822', '6799', '-9809', '12390', 132),
(227, '15', '1.85', '2657', '-10041', '4916', 132),
(228, '4', '1.789', '1934', '-1.63035e15', '3459', 134),
(229, '7', '1.089', '2828', '-1.43868e15', '3081', 134),
(230, '10', '1.674', '2044', '-1.32019e15', '3422', 134),
(231, '10', '1.754', '2028', '-1.31363e15', '3557', 134),
(232, '12.5', '1.876', '1784', '-1.25134e15', '3348', 134),
(233, '15', '1.66', '2104', '-1.23777e15', '3491', 134),
(234, '17.5', 'GPC expected', 'GPC expected', '-1.20382e15', 'GPC expected', 134),
(235, '20', 'GPC expected', 'GPC expected', '-1.20463e15', 'GPC expected', 134),
(236, '4', '1.749', '3042', '-15077840694', '5322', 135),
(237, '7', '1.548', '3477', '-14331445274', '5382', 135),
(238, '10', '1.459', '3792', '-12545763708', '5534', 135),
(239, '10', '1.456', '3912', '-11909648842', '5696', 135),
(240, '12.5', '1.428', '4140', '-11594395793', '5914', 135),
(241, '15', 'GPC expected', 'GPC expected', '-11419006269', 'GPC expected', 135),
(242, '17.5', 'GPC expected', 'GPC expected', '-10943647167', 'GPC expected', 135),
(243, '20', 'GPC expected', 'GPC expected', '-11334966179', 'GPC expected', 135),
(244, '4', '1.021', '250.7', '-1579780000000', '256.1', 136),
(245, '7', '1.022', '252.3', '-1533040000000', '257.8', 136),
(246, '10', '1.072', '253.2', '-1454120000000', '271.5', 136),
(247, '10', '1.745', '248.8', '-1373740000000', '434.2', 136),
(248, '12.5', '1.112', '240.1', '-1338710000000', '267.1', 136),
(249, '15', 'GPC expected', 'GPC expected', '-1292360000000', 'GPC expected', 136),
(250, '17.5', 'GPC expected', 'GPC expected', '-1278230000000', 'GPC expected', 136),
(251, '20', 'GPC expected', 'GPC expected', '-1286110000000', 'GPC expected', 136),
(252, '4', '1.398', '685.6', '-68714956465', '958.3', 137),
(253, '7', '1.396', '760.3', '-71441702940', '1061', 137),
(254, '10', '1.391', '757.6', '-66084383313', '1054', 137),
(255, '10', '1.411', '767.1', '-62595189950', '1082', 137),
(256, '12.5', '1.7', '864.9', '-58571808941', '1471', 137),
(257, '15', 'GPC expected', 'GPC expected', '-57765970859', 'GPC expected', 137),
(258, '17.5', 'GPC expected', 'GPC expected', '-59296690697', 'GPC expected', 137),
(259, '20', 'GPC expected', 'GPC expected', '-53944083828', 'GPC expected', 137),
(260, '4', '1.321', '753.6', '-32746145126', '995.7', 139),
(261, '7.6', '1.327', '806.4', '-33579273835', '1070', 139),
(262, '10', '1.442', '1042', '-34064701422', '1502', 139),
(263, '10', '1.208', '977.6', '-25202178488', '1181', 139),
(264, '13', '1.305', '1084', '-28165507769', '1415', 139),
(265, '16', 'GPC expected', 'GPC expected', '-26979245343', 'GPC expected', 139),
(266, '19', 'GPC expected', 'GPC expected', '-20639025326', 'GPC expected', 139),
(267, '20', 'GPC expected', 'GPC expected', '-19468539308', 'GPC expected', 139),
(268, '4', '1.487', '842.4', '-973', '1253', 140),
(269, '7', '1.484', '954.4', '-955', '1416', 140),
(270, '10', '1.46', '953.8', '-875', '1392', 140),
(271, '10', '1.46', '1007', '-790', '1470', 140),
(272, '12.5', '1.41', '1028', '-762', '1449', 140),
(273, '15', '1.401', '1040', '-729', '1457', 140),
(274, '17.5', '1.45', '1030', '-671', '1494', 140),
(275, '20', 'GPC expected', 'GPC expected', '-690', 'GPC expected', 140),
(276, '4', '1.621', '1073', '-2215', '1740', 141),
(277, '7', '1.586', '1081', '-2113', '1714', 141),
(278, '10', '1.525', '1093', '-2008', '1666', 141),
(279, '10', '1.497', '1217', '-1917', '1821', 141),
(280, '12.5', '1.457', '1194', '-1859', '1740', 141),
(281, '15', '1.479', '1180', '-1772', '1745', 141),
(282, '17.5', 'GPC expected', 'GPC expected', '-1741', 'GPC expected', 141),
(283, '20', 'GPC expected', 'GPC expected', '-1674', 'GPC expected', 141),
(284, '4', 'GPC expected', 'GPC expected', '-4800', 'GPC expected', 142),
(285, '7', 'GPC expected', 'GPC expected', '-4762', 'GPC expected', 142),
(286, '10', 'GPC expected', 'GPC expected', '-4554', 'GPC expected', 142),
(287, '4', '1.898', '1689', '-9022', '3205', 143),
(288, '7', '1.584', '2004', '-8778', '3173', 143),
(289, '10', '1.639', '1870', '-8413', '3064', 143),
(290, '10', '1.51', '2176', '-8172', '3285', 143),
(291, '12.5', '1.505', '2185', '-7962', '3287', 143),
(292, '15', 'GPC expected', 'GPC expected', '-8032', 'GPC expected', 143),
(293, '17.5', 'GPC expected', 'GPC expected', '-7842', 'GPC expected', 143),
(294, '20', 'GPC expected', 'GPC expected', '-7617', 'GPC expected', 143),
(295, '4', '2.268', '2529', '-36237', '5737', 144),
(296, '7', '1.292', '4337', '-36112', '5602', 144),
(297, '10', '4.314', '1036', '-35104', '4471', 144),
(298, '10', '4.546', '462.1', '-34770', '2101', 144),
(299, '12.5', '2.41', '623.3', '-33747', '1503', 144),
(300, '15', '3.105', '1973', '-33581', '6126', 144),
(301, '17.5', 'GPC expected', 'GPC expected', '-27134', 'GPC expected', 144),
(302, '20', 'GPC expected', 'GPC expected', '-28356', 'GPC expected', 144);

-- --------------------------------------------------------

--
-- Table structure for table `measurements_measurement`
--

CREATE TABLE `measurements_measurement` (
  `id` int(11) NOT NULL,
  `file` varchar(100) CHARACTER SET utf8 NOT NULL,
  `is_approved` longtext CHARACTER SET utf8 NOT NULL,
  `device_id` longtext CHARACTER SET utf8 NOT NULL,
  `experiment_id` int(11) NOT NULL
) ENGINE=InnoDB DEFAULT CHARSET=utf8mb4;

--
-- Dumping data for table `measurements_measurement`
--

INSERT INTO `measurements_measurement` (`id`, `file`, `is_approved`, `device_id`, `experiment_id`) VALUES
(95, 'MN-R1-S2-A1_data.csv', '1', '1', 106),
(96, 'MN-R3-S2-A3_data.csv', '1', '1', 107),
(97, 'MN-R4-S2-A1_data.csv', '1', '1', 108),
(98, 'MN-R6-S2-A1_data.csv', '1', '1', 109),
(99, 'MN-R2-A6-A1_data.csv', '1', '1', 110),
(100, 'MN-R4-S6-A1_data.csv', '1', '1', 111),
(101, 'MN-R5-S6-A1_data copy.csv', '1', '1', 112),
(102, 'MN-R1-S3-A2_data.csv', '1', '1', 113),
(103, 'MN-R2-S3-A1_data.csv', '1', '1', 114),
(104, 'MN-R3-S3-A1_data.csv', '1', '1', 115),
(105, 'MN-R6-S3_data.csv', '1', '1', 116),
(106, 'MN-R7-S3-A1_data.csv', '1', '1', 117),
(107, 'MN-R8-S3-A1_data - Copy.csv', '1', '1', 118),
(108, 'MN-R1-S8-A1_data.csv', '1', '1', 119),
(109, 'MN-R3-S8-A1_data.csv', '1', '1', 120),
(110, 'MN-R5-S8-A2_data.csv', '1', '1', 121),
(111, 'MN-R1-S9-A1_data.csv', '1', '1', 122),
(112, 'MN-R2-S9-A1_data.csv', '1', '1', 123),
(113, 'MN-R3-S9-A1_data.csv', '1', '1', 124),
(114, 'MN-R2-S9-A1_data.csv', '1', '1', 123),
(115, 'MN-R4-S9-A1_data.csv', '1', '1', 126),
(116, 'MN-R5-S9-A1_data.csv', '1', '1', 127),
(117, 'MN-R7-S9-A1_data.csv', '1', '1', 128),
(118, 'MN-R1-S11-A1_data.csv', '1', '1', 129),
(119, 'MN-R1-S11-A1_data.csv', '1', '1', 129),
(120, 'MN-R2-S11-A1_data.csv', '1', '1', 130),
(121, 'MN-R3-S11-A1_data.csv', '1', '1', 131),
(122, 'MN-R5-S11-A1_data.csv', '1', '1', 133),
(123, 'MN-R6-S11-A1_data.csv', '1', '1', 134),
(124, 'MN-R7-S11-A1_data.csv', '1', '1', 135),
(125, 'MN-R7-S11-A1_data.csv', '1', '1', 135),
(126, 'MN-R1-S12-A1_data.csv', '1', '1', 136),
(127, 'MN-R2-S12-A1_data.csv', '1', '1', 137),
(128, 'MN-R3-S12-A1_data.csv', '1', '1', 138),
(129, 'MN-R4-S12-A2_data.csv', '1', '1', 139),
(130, 'MN-R5-S12-A1_data.csv', '1', '1', 140),
(131, 'MN-R1-S12-A1_data.csv', '1', '1', 141),
(132, 'MN-R3-S17-A1_data.csv', '1', '1', 142),
(133, 'MN-R2-S13-A1_data.csv', '1', '1', 143),
(134, 'MN-R4-S13-A1_data.csv', '1', '1', 144),
(135, 'MN-R5-S13_data.csv', '1', '1', 145),
(136, 'MN-R6-S13-A2_data.csv', '1', '1', 146),
(137, 'MN-R1-S13-A1_data.csv', '1', '1', 141),
(138, 'MN-R2-S13-A1_data.csv', '1', '1', 143),
(139, 'MN-R1-S14-A1_data.csv', '1', '1', 147),
(140, 'MN-R1-S15-A1_data.csv', '1', '1', 148),
(141, 'MN-R2-S15-A1_data.csv', '1', '1', 149),
(142, 'MN-R3-S15-A1_data - Copy.csv', '1', '1', 150),
(143, 'MN-R4-S15-A1_data.csv', '1', '1', 151),
(144, 'MN-R5-S15-A1_data.csv', '1', '1', 152);

-- --------------------------------------------------------

--
-- Table structure for table `measurements_monomer`
--

CREATE TABLE `measurements_monomer` (
  `id` int(11) NOT NULL,
  `name` longtext NOT NULL,
  `Mw` longtext NOT NULL
) ENGINE=InnoDB DEFAULT CHARSET=utf8mb4;

--
-- Dumping data for table `measurements_monomer`
--

INSERT INTO `measurements_monomer` (`id`, `name`, `Mw`) VALUES
(1, 'BA', '128.17'),
(2, 'MA', '86.09'),
(3, 'EA', '100.117'),
(4, 'MMA', '100.121 '),
(5, 'DA', '240.38');

-- --------------------------------------------------------

--
-- Table structure for table `socialaccount_socialaccount`
--

CREATE TABLE `socialaccount_socialaccount` (
  `id` int(11) NOT NULL,
  `provider` varchar(30) CHARACTER SET utf8 NOT NULL,
  `uid` varchar(191) CHARACTER SET utf8 NOT NULL,
  `last_login` datetime NOT NULL,
  `date_joined` datetime NOT NULL,
  `user_id` longtext CHARACTER SET utf8 NOT NULL,
  `extra_data` longtext CHARACTER SET utf8 NOT NULL
) ENGINE=InnoDB DEFAULT CHARSET=utf8mb4;

-- --------------------------------------------------------

--
-- Table structure for table `socialaccount_socialapp`
--

CREATE TABLE `socialaccount_socialapp` (
  `id` int(11) NOT NULL,
  `provider` varchar(30) CHARACTER SET utf8 NOT NULL,
  `name` varchar(40) CHARACTER SET utf8 NOT NULL,
  `client_id` varchar(191) CHARACTER SET utf8 NOT NULL,
  `key` varchar(191) CHARACTER SET utf8 NOT NULL,
  `secret` varchar(191) CHARACTER SET utf8 NOT NULL
) ENGINE=InnoDB DEFAULT CHARSET=utf8mb4;

-- --------------------------------------------------------

--
-- Table structure for table `socialaccount_socialapp_sites`
--

CREATE TABLE `socialaccount_socialapp_sites` (
  `id` int(11) NOT NULL,
  `socialapp_id` int(11) NOT NULL,
  `site_id` int(11) NOT NULL
) ENGINE=InnoDB DEFAULT CHARSET=utf8mb4;

-- --------------------------------------------------------

--
-- Table structure for table `socialaccount_socialtoken`
--

CREATE TABLE `socialaccount_socialtoken` (
  `id` int(11) NOT NULL,
  `token` longtext CHARACTER SET utf8 NOT NULL,
  `token_secret` longtext CHARACTER SET utf8 NOT NULL,
  `expires_at` datetime DEFAULT NULL,
  `account_id` int(11) NOT NULL,
  `app_id` int(11) NOT NULL
) ENGINE=InnoDB DEFAULT CHARSET=utf8mb4;

-- --------------------------------------------------------

--
-- Table structure for table `sqlite_sequence`
--

CREATE TABLE `sqlite_sequence` (
  `name` longtext CHARACTER SET utf8 DEFAULT NULL,
  `seq` longtext CHARACTER SET utf8 DEFAULT NULL
) ENGINE=InnoDB DEFAULT CHARSET=utf8mb4;

--
-- Dumping data for table `sqlite_sequence`
--

INSERT INTO `sqlite_sequence` (`name`, `seq`) VALUES
('django_migrations', '33'),
('django_content_type', '28'),
('auth_permission', '112'),
('auth_group', '0'),
('users_group', '1'),
('account_emailaddress', '3'),
('django_admin_log', '3'),
('experiments_reactor', '0'),
('experiments_experiment_chemicals', '2'),
('experiments_experiment', '3'),
('experiments_inventory', '1'),
('django_site', '1'),
('socialaccount_socialapp', '0'),
('socialaccount_socialaccount', '0'),
('users_user', '3'),
('users_country', '252'),
('users_institution', '1'),
('users_institution_groups', '1'),
('users_user_group', '1'),
('chemicals_inchi', '2'),
('chemicals_name', '20'),
('chemicals_cas', '1'),
('chemicals_smiles', '1'),
('experiments_company', '2');

-- --------------------------------------------------------

--
-- Table structure for table `users_country`
--

CREATE TABLE `users_country` (
  `id` int(11) NOT NULL,
  `code` varchar(2) CHARACTER SET utf8 NOT NULL,
  `name` varchar(60) CHARACTER SET utf8 NOT NULL
) ENGINE=InnoDB DEFAULT CHARSET=utf8mb4;

--
-- Dumping data for table `users_country`
--

INSERT INTO `users_country` (`id`, `code`, `name`) VALUES
(1, 'AF', 'Afghanistan'),
(2, 'AX', 'Aland Islands'),
(3, 'AL', 'Albania'),
(4, 'DZ', 'Algeria'),
(5, 'AS', 'American Samoa'),
(6, 'AD', 'Andorra'),
(7, 'AO', 'Angola'),
(8, 'AI', 'Anguilla'),
(9, 'AQ', 'Antarctica'),
(10, 'AG', 'Antigua and Barbuda'),
(11, 'AR', 'Argentina'),
(12, 'AM', 'Armenia'),
(13, 'AW', 'Aruba'),
(14, 'AU', 'Australia'),
(15, 'AT', 'Austria'),
(16, 'AZ', 'Azerbaijan'),
(17, 'BS', 'Bahamas'),
(18, 'BH', 'Bahrain'),
(19, 'BD', 'Bangladesh'),
(20, 'BB', 'Barbados'),
(21, 'BY', 'Belarus'),
(22, 'BE', 'Belgium'),
(23, 'BZ', 'Belize'),
(24, 'BJ', 'Benin'),
(25, 'BM', 'Bermuda'),
(26, 'BT', 'Bhutan'),
(27, 'BO', 'Bolivia'),
(28, 'BQ', 'Bonaire, Sint Eustatius and Saba'),
(29, 'BA', 'Bosnia and Herzegovina'),
(30, 'BW', 'Botswana'),
(31, 'BV', 'Bouvet Island'),
(32, 'BR', 'Brazil'),
(33, 'IO', 'British Indian Ocean Territory'),
(34, 'BN', 'Brunei Darussalam'),
(35, 'BG', 'Bulgaria'),
(36, 'BF', 'Burkina Faso'),
(37, 'BI', 'Burundi'),
(38, 'KH', 'Cambodia'),
(39, 'CM', 'Cameroon'),
(40, 'CA', 'Canada'),
(41, 'CV', 'Cape Verde'),
(42, 'KY', 'Cayman Islands'),
(43, 'CF', 'Central African Republic'),
(44, 'TD', 'Chad'),
(45, 'CL', 'Chile'),
(46, 'CN', 'China'),
(47, 'CX', 'Christmas Island'),
(48, 'CC', 'Cocos (Keeling) Islands'),
(49, 'CO', 'Colombia'),
(50, 'KM', 'Comoros');

-- --------------------------------------------------------

--
-- Table structure for table `users_group`
--

CREATE TABLE `users_group` (
  `id` int(11) NOT NULL,
  `name` varchar(60) CHARACTER SET utf8 NOT NULL,
  `short_name` varchar(10) CHARACTER SET utf8 NOT NULL,
  `is_private` longtext CHARACTER SET utf8 NOT NULL
) ENGINE=InnoDB DEFAULT CHARSET=utf8mb4;

--
-- Dumping data for table `users_group`
--

INSERT INTO `users_group` (`id`, `name`, `short_name`, `is_private`) VALUES
(1, 'Polymer Reaction Design', 'PRD', '1');

-- --------------------------------------------------------

--
-- Table structure for table `users_institution`
--

CREATE TABLE `users_institution` (
  `id` int(11) NOT NULL,
  `name` varchar(127) CHARACTER SET utf8 NOT NULL,
  `short_name` varchar(20) CHARACTER SET utf8 NOT NULL,
  `country_id` longtext CHARACTER SET utf8 DEFAULT NULL
) ENGINE=InnoDB DEFAULT CHARSET=utf8mb4;

--
-- Dumping data for table `users_institution`
--

INSERT INTO `users_institution` (`id`, `name`, `short_name`, `country_id`) VALUES
(1, 'Monash University', 'Monash Uni', '14');

-- --------------------------------------------------------

--
-- Table structure for table `users_institution_groups`
--

CREATE TABLE `users_institution_groups` (
  `id` int(11) NOT NULL,
  `institution_id` longtext CHARACTER SET utf8 NOT NULL,
  `group_id` longtext CHARACTER SET utf8 NOT NULL
) ENGINE=InnoDB DEFAULT CHARSET=utf8mb4;

--
-- Dumping data for table `users_institution_groups`
--

INSERT INTO `users_institution_groups` (`id`, `institution_id`, `group_id`) VALUES
(1, '1', '1');

-- --------------------------------------------------------

--
-- Table structure for table `users_user`
--

CREATE TABLE `users_user` (
  `id` int(11) NOT NULL,
  `password` varchar(128) CHARACTER SET utf8 NOT NULL,
  `last_login` datetime DEFAULT NULL,
  `email` varchar(60) CHARACTER SET utf8 NOT NULL,
  `first_name` varchar(30) CHARACTER SET utf8 NOT NULL,
  `last_name` varchar(30) CHARACTER SET utf8 NOT NULL,
  `orcid` varchar(19) CHARACTER SET utf8 NOT NULL,
  `date_created` datetime NOT NULL,
  `is_private` longtext CHARACTER SET utf8 NOT NULL,
  `is_active` longtext CHARACTER SET utf8 NOT NULL,
  `is_staff` longtext CHARACTER SET utf8 NOT NULL,
  `is_superuser` longtext CHARACTER SET utf8 NOT NULL
) ENGINE=InnoDB DEFAULT CHARSET=utf8mb4;

--
-- Dumping data for table `users_user`
--

INSERT INTO `users_user` (`id`, `password`, `last_login`, `email`, `first_name`, `last_name`, `orcid`, `date_created`, `is_private`, `is_active`, `is_staff`, `is_superuser`) VALUES
(1, 'pbkdf2_sha256$390000$pllvfL7n5yC2T6H8IirK6r$ie2mhCFycXUsLjgANHtxqfFBHr3dWMMTAsfgnFHNtCY=', '2022-10-19 10:48:22', 'mnem0001@student.monash.edu', 'Milad', 'Nemati', '', '2022-08-23 06:28:53', '1', '1', '1', '1'),
(2, 'pbkdf2_sha256$390000$vtj6fTp22IZfOeCxbDP8kK$ToBhyj+9Q2Nyy20wkv0HjZutNN192M31FuLpfgXrk1s=', NULL, 'arshiaadouli@gmail.com', 'Arshia', 'Adouli', '', '2022-08-26 11:18:21', '1', '1', '0', '0'),
(3, 'pbkdf2_sha256$390000$mgTctssHOkh0KMh8R65u20$QIAl0+Y3a3Y2QZyrB0CE5PAAr2TiIQeMKCHFIZRSdaI=', NULL, 'aado0001@student.monash.edu', 'arshia', 'adouli', '', '2022-08-26 11:19:43', '1', '1', '0', '0');

-- --------------------------------------------------------

--
-- Table structure for table `users_user_group`
--

CREATE TABLE `users_user_group` (
  `id` int(11) NOT NULL,
  `is_leader` longtext CHARACTER SET utf8 NOT NULL,
  `group_id` longtext CHARACTER SET utf8 NOT NULL,
  `user_id` longtext CHARACTER SET utf8 NOT NULL
) ENGINE=InnoDB DEFAULT CHARSET=utf8mb4;

--
-- Dumping data for table `users_user_group`
--

INSERT INTO `users_user_group` (`id`, `is_leader`, `group_id`, `user_id`) VALUES
(1, '1', '1', '1');

-- --------------------------------------------------------

--
-- Table structure for table `users_user_groups`
--

CREATE TABLE `users_user_groups` (
  `id` int(11) NOT NULL,
  `user_id` longtext CHARACTER SET utf8 NOT NULL,
  `group_id` int(11) NOT NULL
) ENGINE=InnoDB DEFAULT CHARSET=utf8mb4;

-- --------------------------------------------------------

--
-- Table structure for table `users_user_user_permissions`
--

CREATE TABLE `users_user_user_permissions` (
  `id` int(11) NOT NULL,
  `user_id` longtext CHARACTER SET utf8 NOT NULL,
  `permission_id` int(11) NOT NULL
) ENGINE=InnoDB DEFAULT CHARSET=utf8mb4;

--
-- Indexes for dumped tables
--

--
-- Indexes for table `account_emailaddress`
--
ALTER TABLE `account_emailaddress`
  ADD PRIMARY KEY (`id`),
  ADD UNIQUE KEY `sqlite_autoindex_account_emailaddress_1` (`email`);

--
-- Indexes for table `account_emailconfirmation`
--
ALTER TABLE `account_emailconfirmation`
  ADD PRIMARY KEY (`id`),
  ADD UNIQUE KEY `sqlite_autoindex_account_emailconfirmation_1` (`key`),
  ADD KEY `account_emailconfirmation_email_address_id_5b7f8c58` (`email_address_id`);

--
-- Indexes for table `auth_group`
--
ALTER TABLE `auth_group`
  ADD PRIMARY KEY (`id`),
  ADD UNIQUE KEY `sqlite_autoindex_auth_group_1` (`name`);

--
-- Indexes for table `auth_group_permissions`
--
ALTER TABLE `auth_group_permissions`
  ADD PRIMARY KEY (`id`),
  ADD UNIQUE KEY `auth_group_permissions_group_id_permission_id_0cd325b0_uniq` (`group_id`,`permission_id`),
  ADD KEY `auth_group_permissions_permission_id_84c5c92e` (`permission_id`),
  ADD KEY `auth_group_permissions_group_id_b120cbf9` (`group_id`);

--
-- Indexes for table `auth_permission`
--
ALTER TABLE `auth_permission`
  ADD PRIMARY KEY (`id`),
  ADD UNIQUE KEY `auth_permission_content_type_id_codename_01ab375a_uniq` (`content_type_id`,`codename`),
  ADD KEY `auth_permission_content_type_id_2f476e4b` (`content_type_id`);

--
-- Indexes for table `chemicals_cas`
--
ALTER TABLE `chemicals_cas`
  ADD PRIMARY KEY (`id`);

--
-- Indexes for table `chemicals_inchi`
--
ALTER TABLE `chemicals_inchi`
  ADD PRIMARY KEY (`id`),
  ADD UNIQUE KEY `sqlite_autoindex_chemicals_inchi_1` (`inchi_key`);

--
-- Indexes for table `chemicals_name`
--
ALTER TABLE `chemicals_name`
  ADD PRIMARY KEY (`id`);

--
-- Indexes for table `chemicals_smiles`
--
ALTER TABLE `chemicals_smiles`
  ADD PRIMARY KEY (`id`);

--
-- Indexes for table `django_admin_log`
--
ALTER TABLE `django_admin_log`
  ADD PRIMARY KEY (`id`),
  ADD KEY `django_admin_log_content_type_id_c4bce8eb` (`content_type_id`);

--
-- Indexes for table `django_content_type`
--
ALTER TABLE `django_content_type`
  ADD PRIMARY KEY (`id`),
  ADD UNIQUE KEY `django_content_type_app_label_model_76bd3d3b_uniq` (`app_label`,`model`);

--
-- Indexes for table `django_migrations`
--
ALTER TABLE `django_migrations`
  ADD PRIMARY KEY (`id`);

--
-- Indexes for table `django_session`
--
ALTER TABLE `django_session`
  ADD PRIMARY KEY (`session_key`),
  ADD UNIQUE KEY `sqlite_autoindex_django_session_1` (`session_key`),
  ADD KEY `django_session_expire_date_a5c62663` (`expire_date`);

--
-- Indexes for table `django_site`
--
ALTER TABLE `django_site`
  ADD PRIMARY KEY (`id`),
  ADD UNIQUE KEY `sqlite_autoindex_django_site_1` (`domain`);

--
-- Indexes for table `experiments_company`
--
ALTER TABLE `experiments_company`
  ADD PRIMARY KEY (`id`);

--
-- Indexes for table `experiments_experiment`
--
ALTER TABLE `experiments_experiment`
  ADD PRIMARY KEY (`id`),
  ADD KEY `user_id` (`user_id`);

--
-- Indexes for table `experiments_experiment_chemicals`
--
ALTER TABLE `experiments_experiment_chemicals`
  ADD PRIMARY KEY (`id`);

--
-- Indexes for table `experiments_inventory`
--
ALTER TABLE `experiments_inventory`
  ADD PRIMARY KEY (`id`);

--
-- Indexes for table `experiments_reactor`
--
ALTER TABLE `experiments_reactor`
  ADD PRIMARY KEY (`id`);

--
-- Indexes for table `measurements_data`
--
ALTER TABLE `measurements_data`
  ADD PRIMARY KEY (`id`),
  ADD KEY `measurement_id` (`measurement_id`);

--
-- Indexes for table `measurements_device`
--
ALTER TABLE `measurements_device`
  ADD PRIMARY KEY (`id`);

--
-- Indexes for table `measurements_GPC_data`
--
ALTER TABLE `measurements_GPC_data`
  ADD PRIMARY KEY (`id`),
  ADD KEY `measurement_id` (`measurement_id`);

--
-- Indexes for table `measurements_measurement`
--
ALTER TABLE `measurements_measurement`
  ADD PRIMARY KEY (`id`),
  ADD KEY `experiment_id` (`experiment_id`);

--
-- Indexes for table `measurements_monomer`
--
ALTER TABLE `measurements_monomer`
  ADD PRIMARY KEY (`id`);

--
-- Indexes for table `socialaccount_socialaccount`
--
ALTER TABLE `socialaccount_socialaccount`
  ADD PRIMARY KEY (`id`),
  ADD UNIQUE KEY `socialaccount_socialaccount_provider_uid_fc810c6e_uniq` (`provider`,`uid`);

--
-- Indexes for table `socialaccount_socialapp`
--
ALTER TABLE `socialaccount_socialapp`
  ADD PRIMARY KEY (`id`);

--
-- Indexes for table `socialaccount_socialapp_sites`
--
ALTER TABLE `socialaccount_socialapp_sites`
  ADD PRIMARY KEY (`id`),
  ADD UNIQUE KEY `socialaccount_socialapp_sites_socialapp_id_site_id_71a9a768_uniq` (`socialapp_id`,`site_id`),
  ADD KEY `socialaccount_socialapp_sites_site_id_2579dee5` (`site_id`),
  ADD KEY `socialaccount_socialapp_sites_socialapp_id_97fb6e7d` (`socialapp_id`);

--
-- Indexes for table `socialaccount_socialtoken`
--
ALTER TABLE `socialaccount_socialtoken`
  ADD PRIMARY KEY (`id`),
  ADD UNIQUE KEY `socialaccount_socialtoken_app_id_account_id_fca4e0ac_uniq` (`app_id`,`account_id`),
  ADD KEY `socialaccount_socialtoken_app_id_636a42d7` (`app_id`),
  ADD KEY `socialaccount_socialtoken_account_id_951f210e` (`account_id`);

--
-- Indexes for table `users_country`
--
ALTER TABLE `users_country`
  ADD PRIMARY KEY (`id`);

--
-- Indexes for table `users_group`
--
ALTER TABLE `users_group`
  ADD PRIMARY KEY (`id`);

--
-- Indexes for table `users_institution`
--
ALTER TABLE `users_institution`
  ADD PRIMARY KEY (`id`);

--
-- Indexes for table `users_institution_groups`
--
ALTER TABLE `users_institution_groups`
  ADD PRIMARY KEY (`id`);

--
-- Indexes for table `users_user`
--
ALTER TABLE `users_user`
  ADD PRIMARY KEY (`id`),
  ADD UNIQUE KEY `sqlite_autoindex_users_user_1` (`email`);

--
-- Indexes for table `users_user_group`
--
ALTER TABLE `users_user_group`
  ADD PRIMARY KEY (`id`);

--
-- Indexes for table `users_user_groups`
--
ALTER TABLE `users_user_groups`
  ADD PRIMARY KEY (`id`),
  ADD KEY `users_user_groups_group_id_9afc8d0e` (`group_id`);

--
-- Indexes for table `users_user_user_permissions`
--
ALTER TABLE `users_user_user_permissions`
  ADD PRIMARY KEY (`id`),
  ADD KEY `users_user_user_permissions_permission_id_0b93982e` (`permission_id`);

--
-- AUTO_INCREMENT for dumped tables
--

--
-- AUTO_INCREMENT for table `experiments_experiment`
--
ALTER TABLE `experiments_experiment`
  MODIFY `id` int(11) NOT NULL AUTO_INCREMENT, AUTO_INCREMENT=153;

--
-- AUTO_INCREMENT for table `measurements_data`
--
ALTER TABLE `measurements_data`
  MODIFY `id` int(11) NOT NULL AUTO_INCREMENT, AUTO_INCREMENT=10076;

--
-- AUTO_INCREMENT for table `measurements_GPC_data`
--
ALTER TABLE `measurements_GPC_data`
  MODIFY `id` int(11) NOT NULL AUTO_INCREMENT, AUTO_INCREMENT=303;

--
-- AUTO_INCREMENT for table `measurements_measurement`
--
ALTER TABLE `measurements_measurement`
  MODIFY `id` int(11) NOT NULL AUTO_INCREMENT, AUTO_INCREMENT=145;

--
-- AUTO_INCREMENT for table `measurements_monomer`
--
ALTER TABLE `measurements_monomer`
  MODIFY `id` int(11) NOT NULL AUTO_INCREMENT, AUTO_INCREMENT=6;

--
-- Constraints for dumped tables
--

--
-- Constraints for table `experiments_experiment`
--
ALTER TABLE `experiments_experiment`
  ADD CONSTRAINT `experiments_experiment_ibfk_1` FOREIGN KEY (`user_id`) REFERENCES `users_user` (`id`);

--
-- Constraints for table `measurements_data`
--
ALTER TABLE `measurements_data`
  ADD CONSTRAINT `measurements_data_ibfk_1` FOREIGN KEY (`measurement_id`) REFERENCES `measurements_measurement` (`id`);

--
-- Constraints for table `measurements_GPC_data`
--
ALTER TABLE `measurements_GPC_data`
  ADD CONSTRAINT `measurements_gpc_data_ibfk_1` FOREIGN KEY (`measurement_id`) REFERENCES `measurements_measurement` (`id`);

--
-- Constraints for table `measurements_measurement`
--
ALTER TABLE `measurements_measurement`
  ADD CONSTRAINT `measurements_measurement_ibfk_1` FOREIGN KEY (`experiment_id`) REFERENCES `experiments_experiment` (`id`);
COMMIT;

/*!40101 SET CHARACTER_SET_CLIENT=@OLD_CHARACTER_SET_CLIENT */;
/*!40101 SET CHARACTER_SET_RESULTS=@OLD_CHARACTER_SET_RESULTS */;
/*!40101 SET COLLATION_CONNECTION=@OLD_COLLATION_CONNECTION */;
